pkSeqID,proto,saddr,sport,daddr,dport,seq,stddev,N_IN_Conn_P_SrcIP,min,state_number,mean,N_IN_Conn_P_DstIP,drate,srate,max,attack,category,subcategory
792371,udp,192.168.100.150,48516,192.168.100.3,80,175094,0.226784,100,4.100436,4,4.457383,100,0,0.404711,4.719438,1,DoS,UDP
2056418,tcp,192.168.100.148,22267,192.168.100.3,80,143024,0.451998,100,3.439257,1,3.806172,100,0.225077,0.401397,4.44293,1,DDoS,TCP
2795650,udp,192.168.100.149,28629,192.168.100.3,80,167033,1.931553,73,0,4,2.731204,100,0,0.407287,4.138455,1,DDoS,UDP
2118009,tcp,192.168.100.148,42142,192.168.100.3,80,204615,0.428798,56,3.271411,1,3.626428,100,0,0.343654,4.2297,1,DDoS,TCP
303688,tcp,192.168.100.149,1645,192.168.100.5,80,40058,2.058381,100,0,3,1.188407,100,0,0.135842,4.753628,1,DoS,TCP
420025,tcp,192.168.100.149,39733,192.168.100.5,80,156396,2.177835,36,0,3,1.539962,36,0,0.127912,4.619887,1,DoS,TCP
3008812,udp,192.168.100.147,10800,192.168.100.3,80,118034,1.368196,100,1.97518,4,3.910081,100,0,1.02512,4.885159,1,DDoS,UDP
1064106,udp,192.168.100.150,19625,192.168.100.3,80,184672,1.788452,100,0,4,3.576574,100,0,0.446612,4.49208,1,DoS,UDP
3258414,udp,192.168.100.147,22692,192.168.100.3,80,105486,0.822443,100,2.98003,4,3.982845,100,0,1.003092,4.994536,1,DDoS,UDP
1793063,tcp,192.168.100.148,39738,192.168.100.3,80,141822,0.030759,73,0.143091,1,0.173851,100,0.103113,0.309338,0.20461,1,DDoS,TCP
3652525,tcp,192.168.100.149,40209,192.168.100.5,1334,29263,0,100,0.004534,1,0.004534,100,0,0,0.004534,1,Reconnaissance,Service_Scan
2012355,tcp,192.168.100.148,2808,192.168.100.3,80,98961,1.902401,100,0,3,2.643317,100,0,0.271451,4.398972,1,DDoS,TCP
2003856,tcp,192.168.100.147,36026,192.168.100.3,80,90462,0.170796,100,3.26539,1,3.503918,100,0.14778,0.408009,3.656128,1,DDoS,TCP
628716,udp,192.168.100.147,14303,192.168.100.7,80,11439,1.244655,100,0,4,1.758793,100,0,0.306743,2.719768,1,DoS,UDP
1061387,udp,192.168.100.148,49003,192.168.100.6,80,181953,1.550268,14,0,4,2.685047,14,0,0.240384,3.59623,1,DoS,UDP
3445141,udp,192.168.100.148,37862,192.168.100.3,80,30060,0.625767,59,2.798243,4,3.682622,100,0,0.726616,4.152734,1,DDoS,UDP
192578,tcp,192.168.100.148,55661,192.168.100.6,80,191101,0.005329,60,0,1,0.003077,60,0,0.130665,0.012306,1,DoS,TCP
1877025,tcp,192.168.100.149,56855,192.168.100.3,80,225784,0,72,0,3,0,100,0,0,0,1,DDoS,TCP
985803,udp,192.168.100.148,33699,192.168.100.6,80,106369,0.021371,100,3.550244,4,3.568513,100,0,0.279869,3.604116,1,DoS,UDP
285160,tcp,192.168.100.147,54098,192.168.100.7,80,21530,0,52,0,3,0,52,0,0.121219,0,1,DoS,TCP
2917014,udp,192.168.100.148,51272,192.168.100.3,80,26236,0.634362,56,2.760138,4,3.657214,100,0,0.729375,4.113655,1,DDoS,UDP
3025207,udp,192.168.100.148,11653,192.168.100.3,80,134429,0.633178,52,2.760852,4,3.6563,100,0,0.729454,4.104394,1,DDoS,UDP
3264921,udp,192.168.100.147,26582,192.168.100.3,80,111993,0.823535,100,2.98066,4,3.986051,100,0,1.002999,4.997871,1,DDoS,UDP
2348057,tcp,192.168.100.148,26989,192.168.100.3,80,172517,1.53618,63,0,3,2.164113,100,0,0.311829,3.411198,1,DDoS,TCP
1680739,tcp,192.168.100.149,4061,192.168.100.3,80,29498,0.119378,100,0,1,0.119378,100,0,0.185088,0.238756,1,DDoS,TCP
1547675,udp,192.168.100.148,2590,192.168.100.6,80,143932,1.74158,100,0,4,3.016194,100,0,0.247802,4.057666,1,DoS,UDP
1248768,udp,192.168.100.148,40557,192.168.100.6,80,107179,2.04688,100,0,4,1.669863,100,0,0.190064,4.307466,1,DoS,UDP
2584850,tcp,192.168.100.147,37713,192.168.100.3,80,147163,0.113154,96,0,3,0.065329,100,0,0.092369,0.261317,1,DDoS,TCP
3059537,udp,192.168.100.148,24105,192.168.100.3,80,168759,0.639122,100,2.750087,4,3.653935,100,0,0.729595,4.108791,1,DDoS,UDP
332527,tcp,192.168.100.149,15302,192.168.100.5,80,68897,0.018936,100,0,1,0.010933,100,0,0.094236,0.043731,1,DoS,TCP
3482249,udp,192.168.100.147,8303,192.168.100.3,80,67168,1.196099,100,2.100948,4,3.684233,100,0,0.854435,4.991517,1,DDoS,UDP
497255,tcp,192.168.100.150,1716,192.168.100.3,80,233628,0,100,0.178191,1,0.178191,100,0,5.611956,0.178191,1,DoS,TCP
2118042,tcp,192.168.100.148,42141,192.168.100.3,80,204648,0.42879,56,3.271398,1,3.626419,100,0,0.343654,4.229678,1,DDoS,TCP
226750,tcp,192.168.100.150,43905,192.168.100.3,80,225273,0,100,0.192679,1,0.192679,100,0,5.189979,0.192679,1,DoS,TCP
2499965,tcp,192.168.100.149,38698,192.168.100.3,80,62277,0.079618,48,0,1,0.045968,100,0,0.092528,0.183871,1,DDoS,TCP
3044665,udp,192.168.100.147,27876,192.168.100.3,80,153887,1.369323,100,1.97245,4,3.908954,100,0,1.025049,4.88301,1,DDoS,UDP
2794227,udp,192.168.100.148,52186,192.168.100.3,80,165610,1.368133,83,1.370597,4,3.300139,100,0,0.631701,4.388757,1,DDoS,UDP
3462754,udp,192.168.100.150,64662,192.168.100.3,80,47673,0.976178,93,1.997006,4,3.37753,100,0,0.493759,4.068442,1,DDoS,UDP
3530246,udp,192.168.100.149,124,192.168.100.3,80,115165,0.988959,98,1.999319,4,3.397452,100,0,0.48972,4.127747,1,DDoS,UDP
1143161,udp,192.168.100.147,62465,192.168.100.7,80,1572,0.8854,68,2.032481,4,3.448358,68,0,0.218213,4.475446,1,DoS,UDP
1432785,udp,192.168.100.148,47192,192.168.100.6,80,29042,1.745575,100,0,4,3.022915,100,0,0.247954,4.075013,1,DoS,UDP
3636868,tcp,192.168.100.147,34141,192.168.100.5,5925,13198,0,100,0.003565,1,0.003565,100,0,0,0.003565,1,Reconnaissance,Service_Scan
1267263,udp,192.168.100.150,55275,192.168.100.3,80,125674,1.793617,41,0,4,3.162423,41,0,0.461508,4.925339,1,DoS,UDP
2122231,tcp,192.168.100.148,43419,192.168.100.3,80,208837,1.82702,93,0,3,2.543398,100,0,0.275039,4.209236,1,DDoS,TCP
3264213,udp,192.168.100.147,26258,192.168.100.3,80,111285,0.82369,56,2.98056,4,3.985555,100,0,1.002884,4.998137,1,DDoS,UDP
3359774,udp,192.168.100.150,9811,192.168.100.3,80,206846,1.923857,96,0,4,2.7207,100,0,0.490688,4.094733,1,DDoS,UDP
8085,tcp,192.168.100.147,9091,192.168.100.7,80,6608,0,100,0,3,0,100,0,0.130423,0,1,DoS,TCP
202748,tcp,192.168.100.148,58821,192.168.100.6,80,201271,0.012188,96,0,3,0.007037,96,0,0.134376,0.028147,1,DoS,TCP
986954,udp,192.168.100.149,21342,192.168.100.5,80,107520,1.782065,100,0,4,3.086262,100,0,0.230705,4.150616,1,DoS,UDP
3640070,udp,192.168.100.149,49345,192.168.100.5,49197,16567,0,14,0.000163,4,0.000163,57,0,0,0.000163,1,Reconnaissance,Service_Scan
1095464,udp,192.168.100.147,17217,192.168.100.7,80,216030,0.530838,100,2.541277,4,2.846189,100,0,0.406357,3.906763,1,DoS,UDP
2656277,udp,192.168.100.148,7541,192.168.100.3,80,27660,0.314664,56,3.480996,4,3.925876,100,0,0.598806,4.157401,1,DDoS,UDP
876684,udp,192.168.100.149,65144,192.168.100.5,80,259410,0.027592,100,4.128484,4,4.156039,100,0,0.239862,4.183595,1,DoS,UDP
2797328,udp,192.168.100.148,53281,192.168.100.3,80,168711,1.345703,100,1.375866,4,3.276434,100,0,0.635278,4.311903,1,DDoS,UDP
930172,udp,192.168.100.150,40757,192.168.100.3,80,50738,1.795755,93,0,4,3.591467,93,0,0.446668,4.497948,1,DoS,UDP
2244023,tcp,192.168.100.150,24454,192.168.100.3,80,68482,0.038471,36,3.602925,3,3.641397,100,0,0.271658,3.679868,1,DDoS,TCP
812070,udp,192.168.100.150,54968,192.168.100.3,80,194793,0.34206,74,3.825313,4,4.39376,74,0,0.411081,4.728631,1,DoS,UDP
134991,tcp,192.168.100.148,40420,192.168.100.6,80,133514,0,100,0,3,0,100,0,0.131938,0,1,DoS,TCP
3001320,udp,192.168.100.147,6969,192.168.100.3,80,110542,1.367795,100,1.975978,4,3.910316,100,0,1.025074,4.884435,1,DDoS,UDP
1050858,udp,192.168.100.148,47498,192.168.100.6,80,171424,0.030118,74,3.512682,4,3.556089,74,0,0.280308,3.59781,1,DoS,UDP
1930216,tcp,192.168.100.150,16801,192.168.100.3,80,16819,2.2077,90,0,3,2.2077,100,0,0.136137,4.415399,1,DDoS,TCP
2129699,tcp,192.168.100.149,16822,192.168.100.3,80,216306,0.036212,28,3.928213,3,3.964412,100,0,0.2493,4.000611,1,DDoS,TCP
1533777,udp,192.168.100.150,57602,192.168.100.3,80,130034,0.020529,100,4.775415,4,4.800015,100,0,0.6264,4.829761,1,DoS,UDP
3555064,udp,192.168.100.147,43029,192.168.100.3,80,139983,1.878973,46,0.983424,4,3.640664,100,0,1.005725,4.980109,1,DDoS,UDP
1193497,udp,192.168.100.150,39026,192.168.100.3,80,51908,1.869694,77,0,4,3.301616,77,0,0.459752,4.967558,1,DoS,UDP
2955029,udp,192.168.100.148,58762,192.168.100.3,80,64251,0.632219,69,2.765625,4,3.659693,100,0,0.729085,4.112458,1,DDoS,UDP
79764,tcp,192.168.100.150,10842,192.168.100.3,80,78287,0.055652,99,0.054189,1,0.109841,99,0.040261,0.120782,0.165493,1,DoS,TCP
3398111,udp,192.168.100.149,22433,192.168.100.3,80,245183,1.938914,100,0,4,2.741472,100,0,0.484599,4.160468,1,DDoS,UDP
3120311,udp,192.168.100.150,59525,192.168.100.3,80,229533,1.898134,100,0,4,2.684366,100,0,0.494621,4.029547,1,DDoS,UDP
768144,udp,192.168.100.148,38542,192.168.100.6,80,150867,1.556256,91,0,4,2.695512,91,0,0.24326,3.596529,1,DoS,UDP
3420492,udp,192.168.100.150,57213,192.168.100.3,80,5411,0.969608,94,2.012251,4,3.383477,100,0,0.49326,4.07249,1,DDoS,UDP
961554,udp,192.168.100.147,48227,192.168.100.7,80,82120,0.439727,100,1.407334,4,2.390369,100,0,0.404365,2.596212,1,DoS,UDP
1845980,tcp,192.168.100.149,48009,192.168.100.3,80,194739,0,50,0,3,0,100,0,0,0,1,DDoS,TCP
3512672,udp,192.168.100.147,25492,192.168.100.3,80,97591,0.765617,43,3.338294,4,4.420716,100,0,0.916069,4.984839,1,DDoS,UDP
3619646,tcp,192.168.100.147,2360,192.168.100.3,1,564,0,34,7.00E-06,1,7.00E-06,99,0,0,7.00E-06,1,Reconnaissance,Service_Scan
2788981,udp,192.168.100.149,26520,192.168.100.3,80,160364,1.961479,45,0,4,2.771486,100,0,0.403368,4.258472,1,DDoS,UDP
2934665,udp,192.168.100.147,51994,192.168.100.3,80,43887,1.369594,100,1.969048,4,3.905912,100,0,1.024222,4.884197,1,DDoS,UDP
464015,tcp,192.168.100.148,40784,192.168.100.6,80,200386,0.069866,89,0,1,0.045406,89,0.051522,0.125832,0.180385,1,DoS,TCP
625146,udp,192.168.100.147,10733,192.168.100.7,80,7869,1.244431,100,0,4,1.758567,100,0,0.306488,2.715786,1,DoS,UDP
2820545,udp,192.168.100.148,61053,192.168.100.3,80,191928,1.234924,66,1.370139,4,3.105919,100,0,0.662216,4.140702,1,DDoS,UDP
2850857,udp,192.168.100.150,48836,192.168.100.3,80,222240,0.407174,100,4.037457,4,4.444631,100,0,0.458654,4.851805,1,DDoS,UDP
23492,tcp,192.168.100.148,7409,192.168.100.6,80,22015,0.033961,78,0,1,0.016981,78,0,0.127817,0.084903,1,DoS,TCP
2200300,tcp,192.168.100.150,12228,192.168.100.3,80,24758,0.125946,63,3.565252,3,3.691202,100,0,0.269737,3.817152,1,DDoS,TCP
3183465,udp,192.168.100.148,41645,192.168.100.3,80,30537,0.647491,100,2.773994,4,3.689503,100,0,0.723909,4.163073,1,DDoS,UDP
2541971,tcp,192.168.100.148,4859,192.168.100.3,80,104284,1.82614,63,0,1,1.423652,100,0.050838,0.118329,4.001515,1,DDoS,TCP
3131226,udp,192.168.100.150,64807,192.168.100.3,80,240448,1.902099,40,0,4,2.689973,100,0,0.494539,4.038394,1,DDoS,UDP
542777,tcp,192.168.100.149,41826,192.168.100.5,80,16995,0,100,0,3,0,100,0,0.033971,0,1,DoS,TCP
1698367,tcp,192.168.100.149,8410,192.168.100.3,80,47126,0,100,0,3,0,100,0,0.094579,0,1,DDoS,TCP
2055117,tcp,192.168.100.147,47750,192.168.100.3,80,141723,1.612284,100,0.198348,1,2.478322,100,0,0.356951,3.640228,1,DDoS,TCP
1596596,udp,192.168.100.148,29073,192.168.100.6,80,192854,0.026847,100,3.98775,4,4.024628,100,0,0.24784,4.051011,1,DoS,UDP
473224,tcp,192.168.100.149,54557,192.168.100.5,80,209595,2.136066,100,0,3,1.510427,100,0,0.127415,4.531281,1,DoS,TCP
1484155,udp,192.168.100.150,21363,192.168.100.3,80,80412,1.926049,100,0,4,3.850803,100,0,0.573755,4.908594,1,DoS,UDP
3033246,udp,192.168.100.147,22784,192.168.100.3,80,142468,1.367234,75,1.97756,4,3.911107,100,0,1.024775,4.884659,1,DDoS,UDP
2667033,udp,192.168.100.147,29963,192.168.100.3,80,38416,0.454449,100,3.982228,4,4.345253,100,0,0.840349,4.986053,1,DDoS,UDP
455605,tcp,192.168.100.148,38311,192.168.100.6,80,191976,0.054412,35,0,1,0.03347,35,0.039368,0.127086,0.140249,1,DoS,TCP
1246440,udp,192.168.100.147,38257,192.168.100.7,80,104851,1.819973,100,0,4,2.227101,100,0,0.213247,3.848833,1,DoS,UDP
744759,udp,192.168.100.148,33397,192.168.100.6,80,127482,1.552322,100,0,4,2.68869,100,0,0.23975,3.591539,1,DoS,UDP
2814425,udp,192.168.100.150,35184,192.168.100.3,80,185808,1.834296,100,0,4,2.586202,100,0,0.423469,4.05433,1,DDoS,UDP
1982810,tcp,192.168.100.150,44146,192.168.100.3,80,69416,1.927133,14,0,1,2.722795,100,0,0.275717,4.186916,1,DDoS,TCP
3084568,udp,192.168.100.149,46189,192.168.100.3,80,193790,1.912449,100,0,4,2.704606,100,0,0.493354,4.061014,1,DDoS,UDP
624622,udp,192.168.100.147,10209,192.168.100.7,80,7345,1.244341,100,0,4,1.758446,100,0,0.306478,2.716023,1,DoS,UDP
760522,udp,192.168.100.148,36872,192.168.100.6,80,143245,1.546631,100,0.01996,4,2.698775,100,0,0.241955,3.600075,1,DoS,UDP
1186304,udp,192.168.100.147,3312,192.168.100.7,80,44715,0.799167,100,1.935203,4,3.299116,100,0,0.217666,3.976325,1,DoS,UDP
3076527,udp,192.168.100.148,30222,192.168.100.3,80,185749,0.640158,100,2.749733,4,3.655052,100,0,0.656642,4.109399,1,DDoS,UDP
1643633,udp,192.168.100.149,24359,192.168.100.5,80,239891,1.704773,100,0,4,2.810383,100,0,0.279121,4.600881,1,DoS,UDP
1282001,udp,192.168.100.148,47562,192.168.100.6,80,140412,2.025943,100,0,4,1.653512,100,0,0.189005,4.224535,1,DoS,UDP
1040049,udp,192.168.100.150,5552,192.168.100.3,80,160615,1.790013,74,0,4,3.579855,74,0,0.446529,4.489514,1,DoS,UDP
2479268,tcp,192.168.100.147,60144,192.168.100.3,80,41580,1.244089,62,0,3,1.244089,100,0,0.060039,2.488178,1,DDoS,TCP
708991,udp,192.168.100.147,40248,192.168.100.7,80,91714,1.227592,72,0,4,1.731068,72,0,0.343886,2.758586,1,DoS,UDP
1279750,udp,192.168.100.150,59006,192.168.100.3,80,138161,1.779572,100,0,4,3.137197,100,0,0.461412,4.908194,1,DoS,UDP
3661619,udp,192.168.100.147,35226,192.168.100.5,16420,2191,0,15,0,4,0,58,0,0,0,1,Reconnaissance,Service_Scan
2162670,tcp,192.168.100.149,29469,192.168.100.3,80,249277,0.074685,90,3.976667,1,4.051339,100,0,0.332826,4.126012,1,DDoS,TCP
1440407,udp,192.168.100.149,30905,192.168.100.5,80,36664,0.154121,100,3.250767,4,3.39652,100,0,0.281698,3.648107,1,DoS,UDP
1511891,udp,192.168.100.150,46657,192.168.100.3,80,108148,0.034627,100,4.777572,4,4.811336,100,0,0.624955,4.867688,1,DoS,UDP
3453245,udp,192.168.100.147,62071,192.168.100.3,80,38164,0.86407,99,2.851642,4,3.946892,100,0,1.014617,4.963819,1,DDoS,UDP
1934634,tcp,192.168.100.150,18334,192.168.100.3,80,21237,2.309362,82,0,1,2.309362,100,0,0.204201,4.618725,1,DDoS,TCP
2641054,udp,192.168.100.147,14377,192.168.100.3,80,12437,0.460912,100,3.992806,4,4.338566,100,0,0.838489,4.989983,1,DDoS,UDP
978022,udp,192.168.100.148,31870,192.168.100.6,80,98588,0.014498,66,3.551451,4,3.570189,66,0,0.279726,3.590624,1,DoS,UDP
1927151,tcp,192.168.100.149,30049,192.168.100.3,80,13750,0.027886,53,3.995209,1,4.01916,100,0,0.311669,4.058216,1,DDoS,TCP
1337884,udp,192.168.100.149,10114,192.168.100.5,80,196295,1.777552,52,0,4,2.150022,52,0,0.229756,4.093135,1,DoS,UDP
2950295,udp,192.168.100.149,23245,192.168.100.3,80,59517,0.951495,31,2.03731,4,3.382913,100,0,0.493146,4.060967,1,DDoS,UDP
1937037,tcp,192.168.100.149,33161,192.168.100.3,80,23640,1.893443,100,0,3,2.677727,100,0,0.249586,4.021296,1,DDoS,TCP
169837,tcp,192.168.100.150,29054,192.168.100.3,80,168360,0.044822,74,0.085221,1,0.130043,74,0.035602,0.106805,0.174865,1,DoS,TCP
1532018,udp,192.168.100.150,56611,192.168.100.3,80,128275,0.01562,100,4.784691,4,4.803769,100,0,0.62645,4.826645,1,DoS,UDP
2948998,udp,192.168.100.149,22908,192.168.100.3,80,58220,0.953489,75,2.037227,4,3.385654,100,0,0.493135,4.064316,1,DDoS,UDP
3400771,udp,192.168.100.150,28768,192.168.100.3,80,247843,1.925245,100,0,4,2.722696,100,0,0.4907,4.090985,1,DDoS,UDP
2937727,udp,192.168.100.149,19691,192.168.100.3,80,46949,0.952534,99,2.038837,4,3.385921,100,0,0.493039,4.061676,1,DDoS,UDP
3444153,udp,192.168.100.147,59583,192.168.100.3,80,29072,0.848873,99,2.890087,4,3.961841,100,0,1.011204,4.966103,1,DDoS,UDP
2752376,udp,192.168.100.149,17216,192.168.100.3,80,123759,2.055866,100,0,4,2.890031,100,0,0.39239,4.610124,1,DDoS,UDP
3524489,udp,192.168.100.148,54320,192.168.100.3,80,109408,0.725388,100,2.583162,4,3.608702,100,0,0.738493,4.143514,1,DDoS,UDP
3596434,tcp,192.168.100.149,62169,192.168.100.3,2035,1263,0,100,1.60E-05,1,1.60E-05,100,0,0,1.60E-05,1,Reconnaissance,Service_Scan
2772462,udp,192.168.100.150,22504,192.168.100.3,80,143845,2.002759,100,0,4,2.824603,100,0,0.399542,4.417955,1,DDoS,UDP
2881607,udp,192.168.100.150,64038,192.168.100.3,80,252990,0.098416,64,4.033005,4,4.131422,100,0,0.486559,4.229838,1,DDoS,UDP
1463252,udp,192.168.100.150,6796,192.168.100.3,80,59509,1.924766,100,0,4,3.848048,100,0,0.616139,4.911885,1,DoS,UDP
827989,udp,192.168.100.148,51882,192.168.100.6,80,210712,1.583754,100,0,4,2.739331,100,0,0.254941,3.788433,1,DoS,UDP
432905,tcp,192.168.100.149,42807,192.168.100.5,80,169276,2.118533,17,0,3,2.993405,17,0,0.170106,4.599285,1,DoS,TCP
1528052,udp,192.168.100.149,52144,192.168.100.5,80,124309,0.080505,68,3.263076,4,3.344391,68,0,0.283937,3.469959,1,DoS,UDP
2149424,tcp,192.168.100.147,7431,192.168.100.3,80,236031,1.641746,100,0,3,2.321631,100,0,0.299588,3.50516,1,DDoS,TCP
2418901,tcp,192.168.100.150,64547,192.168.100.3,80,243361,0.137711,100,3.725393,1,3.863101,100,0,0.342956,4.000809,1,DDoS,TCP
2184704,tcp,192.168.100.147,64137,192.168.100.3,80,9156,1.354141,72,0,1,2.344273,100,0.109195,0.486654,3.171142,1,DDoS,TCP
13980,tcp,192.168.100.148,2763,192.168.100.6,80,12503,0.016018,100,0,3,0.008009,100,0,0.128004,0.040045,1,DoS,TCP
542703,tcp,192.168.100.149,41803,192.168.100.5,80,16921,0,100,0,3,0,100,0,0.033971,0,1,DoS,TCP
2148247,tcp,192.168.100.147,6615,192.168.100.3,80,234854,1.696166,100,0,1,2.39648,100,0,0.374779,3.68489,1,DDoS,TCP
2835467,udp,192.168.100.148,381,192.168.100.3,80,206850,2.120185,76,0,4,2.973153,100,0,0.684137,4.795959,1,DDoS,UDP
2401351,tcp,192.168.100.147,35295,192.168.100.3,80,225811,1.439813,99,0,3,2.036203,100,0,0.331366,3.055291,1,DDoS,TCP
3506520,udp,192.168.100.150,7534,192.168.100.3,80,91439,1.917933,87,0,4,2.712366,100,0,0.4196,4.070362,1,DDoS,UDP
830869,udp,192.168.100.149,43351,192.168.100.5,80,213592,2.113598,100,0,4,2.112648,100,0,0.21737,4.314898,1,DoS,UDP
3380654,udp,192.168.100.149,13194,192.168.100.3,80,227726,1.937143,88,0,4,2.739103,100,0,0.484689,4.15075,1,DDoS,UDP
2653510,udp,192.168.100.148,6118,192.168.100.3,80,24893,0.315914,92,3.480513,4,3.927096,100,0,0.598605,4.161589,1,DDoS,UDP
1279321,udp,192.168.100.147,51054,192.168.100.7,80,137732,1.823183,100,0,4,1.487931,100,0,0.201617,3.80769,1,DoS,UDP
694492,udp,192.168.100.149,12370,192.168.100.5,80,77215,1.948807,66,0,4,2.756009,66,0,0.15843,4.143043,1,DoS,UDP
464332,tcp,192.168.100.147,44418,192.168.100.7,80,200703,0,100,0,3,0,100,0,0.153068,0,1,DoS,TCP
2552365,tcp,192.168.100.149,44223,192.168.100.3,80,114678,0,44,0,3,0,100,0,0.067688,0,1,DDoS,TCP
1098071,udp,192.168.100.147,19248,192.168.100.7,80,218637,0.531556,100,2.538646,4,2.846834,100,0,0.406361,3.90874,1,DoS,UDP
929939,udp,192.168.100.147,42534,192.168.100.7,80,50505,0.442703,100,1.395638,4,2.385158,100,0,0.404341,2.60394,1,DoS,UDP
1878248,tcp,192.168.100.147,64363,192.168.100.3,80,227007,0,100,0.331388,1,0.331388,100,0,3.017611,0.331388,1,DDoS,TCP
2167126,tcp,192.168.100.150,7100,192.168.100.3,80,253733,1.949617,100,0.174725,1,2.124342,100,0,0.210217,4.07396,1,DDoS,TCP
3503224,udp,192.168.100.148,50955,192.168.100.3,80,88143,0.707853,95,2.618465,4,3.619222,100,0,0.736775,4.140738,1,DDoS,UDP
1722471,tcp,192.168.100.149,14690,192.168.100.3,80,71230,0,52,0,3,0,100,0,0.094655,0,1,DDoS,TCP
2982546,udp,192.168.100.150,34767,192.168.100.3,80,91768,0.94931,100,2.013048,4,3.355575,100,0,0.494794,4.028194,1,DDoS,UDP
2089637,tcp,192.168.100.147,56750,192.168.100.3,80,176243,1.698777,60,0,3,2.402297,100,0,0.292072,3.62558,1,DDoS,TCP
806804,udp,192.168.100.147,61840,192.168.100.7,80,189527,1.047741,43,0,4,2.093765,43,0,0.322718,2.693459,1,DoS,UDP
991385,udp,192.168.100.149,22701,192.168.100.5,80,111951,1.780667,86,0,4,3.083849,86,0,0.230705,4.146121,1,DoS,UDP
3132637,udp,192.168.100.149,63592,192.168.100.3,80,241859,1.908777,100,0,4,2.699418,100,0,0.493135,4.049197,1,DDoS,UDP
3348832,udp,192.168.100.148,29537,192.168.100.3,80,195904,1.280256,88,1.41718,4,3.22737,100,0,0.724058,4.164007,1,DDoS,UDP
1701837,tcp,192.168.100.149,9488,192.168.100.3,80,50596,0,38,0,3,0,100,0,0.094537,0,1,DDoS,TCP
2930968,udp,192.168.100.150,21458,192.168.100.3,80,40190,0.939292,61,2.045239,4,3.373593,100,0,0.494494,4.040399,1,DDoS,UDP
400990,tcp,192.168.100.148,19739,192.168.100.6,80,137361,0,100,0,3,0,100,0,0.140014,0,1,DoS,TCP
1424102,udp,192.168.100.150,34658,192.168.100.3,80,20359,1.224556,57,1.735167,4,4.184183,57,0,0.586766,4.812899,1,DoS,UDP
1107245,udp,192.168.100.147,25734,192.168.100.7,80,227811,0.531403,100,2.539304,4,2.847032,100,0,0.406328,3.908828,1,DoS,UDP
3639818,icmp,192.168.100.5,0x0303,192.168.100.150,0x2600,16300,0,42,0,5,0,11,0,0.001123,0,1,Reconnaissance,Service_Scan
3074391,udp,192.168.100.147,39322,192.168.100.3,80,183613,1.373603,94,1.963387,4,3.905952,100,0,1.02507,4.879934,1,DDoS,UDP
337328,tcp,192.168.100.149,17075,192.168.100.5,80,73698,0,74,0,3,0,74,0,0.09342,0,1,DoS,TCP
363851,tcp,192.168.100.147,15622,192.168.100.7,80,100221,1.773563,57,0,3,1.023967,57,0,0.179323,4.095868,1,DoS,TCP
2009590,tcp,192.168.100.149,49428,192.168.100.3,80,96196,1.898313,19,0,3,2.683062,100,0,0.252458,4.103797,1,DDoS,TCP
1043992,udp,192.168.100.150,7959,192.168.100.3,80,164558,1.790167,86,0,4,3.580148,86,0,0.44658,4.489752,1,DoS,UDP
3609309,tcp,192.168.100.150,62819,192.168.100.3,55600,14724,0,100,0.000116,1,0.000116,100,0,0,0.000116,1,Reconnaissance,Service_Scan
2490943,tcp,192.168.100.148,58422,192.168.100.3,80,53255,1.26274,94,0,3,1.26274,100,0,0.050388,2.52548,1,DDoS,TCP
3050660,udp,192.168.100.148,20935,192.168.100.3,80,159882,0.638026,61,2.750583,4,3.652885,100,0,0.7297,4.106362,1,DDoS,UDP
2213446,tcp,192.168.100.149,7906,192.168.100.3,80,37905,1.688899,43,0,3,2.388344,100,0,0.28212,3.603225,1,DDoS,TCP
210340,tcp,192.168.100.150,38256,192.168.100.3,80,208863,0,62,0.096835,1,0.096835,62,0,10.326844,0.096835,1,DoS,TCP
2785239,udp,192.168.100.148,49678,192.168.100.3,80,156622,2.041328,100,0,4,2.87933,100,0,0.547658,4.499611,1,DDoS,UDP
939810,udp,192.168.100.147,44149,192.168.100.7,80,60376,0.446468,100,1.390003,4,2.388159,100,0,0.404427,2.601914,1,DoS,UDP
2093372,tcp,192.168.100.147,57310,192.168.100.3,80,179978,0.251086,67,3.05226,1,3.406105,100,0,0.366282,3.608717,1,DDoS,TCP
1669166,tcp,192.168.100.148,8094,192.168.100.3,80,17925,0.035793,96,0.019169,1,0.054962,100,0.101749,0.305248,0.090755,1,DDoS,TCP
613596,tcp,192.168.100.149,64265,192.168.100.5,80,87815,0,44,0,3,0,44,0,0.054803,0,1,DoS,TCP
3569147,udp,192.168.100.149,10619,192.168.100.3,80,154066,0.792762,100,2.41411,4,3.534578,100,0,0.475864,4.128277,1,DDoS,UDP
2978368,udp,192.168.100.148,63695,192.168.100.3,80,87590,0.633388,100,2.761572,4,3.657313,100,0,0.729081,4.107477,1,DDoS,UDP
515024,tcp,192.168.100.150,19522,192.168.100.3,80,251397,0,100,0.230813,1,0.230813,100,0,4.332512,0.230813,1,DoS,TCP
3271134,udp,192.168.100.149,51920,192.168.100.3,80,118206,1.953936,68,0,4,2.763176,100,0,0.484484,4.165806,1,DDoS,UDP
50576,tcp,192.168.100.149,5347,192.168.100.5,80,49099,0,42,0,3,0,42,0,0.103979,0,1,DoS,TCP
2882928,udp,192.168.100.149,64430,192.168.100.3,80,254311,0.07546,100,4.069894,4,4.145368,100,0,0.484545,4.220841,1,DDoS,UDP
2529585,tcp,192.168.100.147,18870,192.168.100.3,80,91897,0.171307,46,0,1,0.170711,100,0.030719,0.127362,0.361609,1,DDoS,TCP
1654179,tcp,192.168.100.147,4056,192.168.100.3,80,2938,0.001823,100,0,1,0.001823,100,0,0.227372,0.003646,1,DDoS,TCP
400837,tcp,192.168.100.148,19562,192.168.100.6,80,137208,0.124852,100,0,1,0.113187,100,0.070687,0.140233,0.265666,1,DoS,TCP
513808,tcp,192.168.100.150,18264,192.168.100.3,80,250181,0,100,0.178549,1,0.178549,100,0,5.600703,0.178549,1,DoS,TCP
1421262,udp,192.168.100.150,33162,192.168.100.3,80,17519,1.222916,100,1.740885,4,4.186588,100,0,0.586633,4.817836,1,DoS,UDP
1219553,udp,192.168.100.147,24794,192.168.100.7,80,77964,0.532688,100,3.61593,4,3.99781,100,0,0.215926,4.912067,1,DoS,UDP
3375556,udp,192.168.100.149,10399,192.168.100.3,80,222628,1.943128,75,0,4,2.747814,100,0,0.484657,4.149216,1,DDoS,UDP
2477090,tcp,192.168.100.148,54700,192.168.100.3,80,39402,1.148569,90,0,7,0.907424,100,0,0.076671,2.527863,1,DDoS,TCP
1365149,udp,192.168.100.148,10571,192.168.100.6,80,223560,2.073462,78,0,4,2.072582,78,0,0.184929,4.23054,1,DoS,UDP
443810,tcp,192.168.100.147,36980,192.168.100.7,80,180181,0,100,0,3,0,100,0,0.162245,0,1,DoS,TCP
2879446,udp,192.168.100.149,62735,192.168.100.3,80,250829,0.119852,93,4.070094,4,4.189955,100,0,0.480417,4.309815,1,DDoS,UDP
1902063,tcp,192.168.100.149,135,192.168.100.3,80,250822,0,89,0,3,0,100,0,0,0,1,DDoS,TCP
1955897,tcp,192.168.100.150,23885,192.168.100.3,80,42500,2.230098,68,0,3,2.230098,100,0,0.136149,4.460197,1,DDoS,TCP
1984745,tcp,192.168.100.147,29434,192.168.100.3,80,71351,0.246499,100,3.032024,3,3.368013,100,0,0.294375,3.61647,1,DDoS,TCP
775405,udp,192.168.100.150,42685,192.168.100.3,80,158128,0.149324,100,4.321858,4,4.519515,100,0,0.399606,4.732396,1,DoS,UDP
947,tcp,192.168.100.150,51960,192.168.100.3,80,955,0.945521,100,0,1,0.668639,100,0.249323,0.356166,2.005808,1,DoS,HTTP
67051,tcp,192.168.100.148,22272,192.168.100.6,80,65574,0.006318,100,0,3,0.003159,100,0,0.12792,0.015795,1,DoS,TCP
2955255,udp,192.168.100.149,24749,192.168.100.3,80,64477,0.951412,61,2.041567,4,3.387055,100,0,0.493025,4.064637,1,DDoS,UDP
2324920,tcp,192.168.100.147,3634,192.168.100.3,80,149380,1.41591,100,0,3,1.999864,100,0,0.323076,3.087026,1,DDoS,TCP
3190270,udp,192.168.100.149,38471,192.168.100.3,80,37342,0.995208,100,2.027673,4,3.434796,100,0,0.485561,4.164066,1,DDoS,UDP
1432647,udp,192.168.100.149,28521,192.168.100.5,80,28904,0.166464,71,3.240996,4,3.40472,71,0,0.281409,3.675427,1,DoS,UDP
2224663,tcp,192.168.100.149,43205,192.168.100.3,80,49122,1.696136,47,0,1,2.397949,100,0,0.37721,3.648863,1,DDoS,TCP
925039,udp,192.168.100.148,17526,192.168.100.6,80,45605,0.006109,100,3.569778,4,3.577174,100,0,0.279637,3.586962,1,DoS,UDP
903370,udp,192.168.100.147,37068,192.168.100.7,80,23936,0.454304,70,1.367373,4,2.382773,70,0,0.404705,2.60492,1,DoS,UDP
1252849,udp,192.168.100.148,41374,192.168.100.6,80,111260,2.04358,59,0,4,1.667306,59,0,0.189933,4.294296,1,DoS,UDP
1667652,tcp,192.168.100.148,7408,192.168.100.3,80,16411,0.034807,87,0.021596,1,0.056403,100,0.101811,0.305433,0.091211,1,DDoS,TCP
3091100,udp,192.168.100.150,49913,192.168.100.3,80,200322,1.89742,68,0,4,2.683357,100,0,0.494555,4.025758,1,DDoS,UDP
2963071,udp,192.168.100.148,60350,192.168.100.3,80,72293,0.629452,41,2.768117,4,3.658294,100,0,0.728946,4.10513,1,DDoS,UDP
248884,tcp,192.168.100.150,58956,192.168.100.3,80,247407,0,100,0.169426,1,0.169426,100,0,5.902282,0.169426,1,DoS,TCP
1583336,udp,192.168.100.148,23876,192.168.100.6,80,179593,0.029196,100,3.985549,4,4.026725,100,0,0.247999,4.049568,1,DoS,UDP
3469592,udp,192.168.100.150,587,192.168.100.3,80,54511,0.98004,100,1.992789,4,3.37876,100,0,0.493523,4.077419,1,DDoS,UDP
781761,udp,192.168.100.149,32158,192.168.100.5,80,164484,2.110601,100,0,4,2.109255,100,0,0.208316,4.325107,1,DoS,UDP
810953,udp,192.168.100.147,62725,192.168.100.7,80,193676,1.045785,100,0,4,2.090309,100,0,0.323716,2.674712,1,DoS,UDP
1989137,tcp,192.168.100.147,31540,192.168.100.3,80,75743,0.227029,100,3.171508,1,3.492156,100,0.146259,0.407746,3.666685,1,DDoS,TCP
3192938,udp,192.168.100.150,42766,192.168.100.3,80,40010,0.970122,96,2.032948,4,3.404787,100,0,0.490409,4.106476,1,DDoS,UDP
2724606,udp,192.168.100.149,10117,192.168.100.3,80,95989,2.12082,63,0,4,2.966176,100,0,0.385651,4.834186,1,DDoS,UDP
1362601,udp,192.168.100.149,17292,192.168.100.5,80,221012,1.755613,82,0,4,2.126214,82,0,0.237316,4.020722,1,DoS,UDP
1389681,udp,192.168.100.149,36856,192.168.100.5,80,248093,1.680145,100,0,4,2.049477,100,0,0.254942,3.690291,1,DoS,UDP
830772,udp,192.168.100.149,43254,192.168.100.5,80,213495,2.106269,58,0,4,2.10532,58,0,0.21737,4.300051,1,DoS,UDP
732943,udp,192.168.100.150,28476,192.168.100.3,80,115666,0.136745,100,4.453482,4,4.631521,100,0,0.389356,4.800869,1,DoS,UDP
795475,udp,192.168.100.147,59343,192.168.100.7,80,178198,1.048839,100,0,4,2.095306,100,0,0.320155,2.710882,1,DoS,UDP
363297,tcp,192.168.100.147,15474,192.168.100.7,80,99667,1.774333,33,0,3,1.024412,33,0,0.179315,4.097647,1,DoS,TCP
3441607,udp,192.168.100.148,36402,192.168.100.3,80,26526,0.645072,100,2.757133,4,3.668846,100,0,0.72899,4.152278,1,DDoS,UDP
2847548,udp,192.168.100.149,46902,192.168.100.3,80,218931,0.455309,100,4.039878,4,4.49519,100,0,0.453478,4.950501,1,DDoS,UDP
2362765,tcp,192.168.100.149,45333,192.168.100.3,80,187225,0.107241,68,3.409974,3,3.517215,100,0,0.282446,3.624456,1,DDoS,TCP
715272,udp,192.168.100.148,26803,192.168.100.6,80,97995,1.550107,36,0,4,2.684794,36,0,0.236145,3.589737,1,DoS,UDP
1042275,udp,192.168.100.148,46403,192.168.100.6,80,162841,0.031892,100,3.508338,4,3.558424,100,0,0.280358,3.595691,1,DoS,UDP
1610331,udp,192.168.100.148,30904,192.168.100.6,80,206589,0.025506,87,3.987218,4,4.023283,87,0,0.24795,4.041897,1,DoS,UDP
2913918,udp,192.168.100.147,46200,192.168.100.3,80,23140,1.375074,100,1.957369,4,3.901958,100,0,1.024593,4.887245,1,DDoS,UDP
1620754,udp,192.168.100.149,14151,192.168.100.5,80,217012,1.709433,100,0,4,2.812059,100,0,0.278863,4.622732,1,DoS,UDP
2570348,tcp,192.168.100.147,31952,192.168.100.3,80,132661,0,93,0,3,0,100,0,0.071499,0,1,DDoS,TCP
1583395,udp,192.168.100.148,23935,192.168.100.6,80,179652,0.023556,100,3.993161,4,4.026366,100,0,0.247998,4.045074,1,DoS,UDP
1542919,udp,192.168.100.147,57354,192.168.100.7,80,139176,1.57365,47,0,4,2.725529,47,0,0.24675,3.652181,1,DoS,UDP
1715600,tcp,192.168.100.148,20866,192.168.100.3,80,64359,0,13,0,3,0,100,0,0.098768,0,1,DDoS,TCP
271196,tcp,192.168.100.148,44693,192.168.100.6,80,7566,0.014148,60,0,1,0.00982,60,0.037878,0.132284,0.034136,1,DoS,TCP
893179,udp,192.168.100.149,64959,192.168.100.5,80,13745,1.788647,46,0,4,3.097703,46,0,0.243482,4.168991,1,DoS,UDP
958702,udp,192.168.100.150,47205,192.168.100.3,80,79268,1.794814,100,0,4,3.589595,100,0,0.446804,4.494593,1,DoS,UDP
2017585,tcp,192.168.100.148,6428,192.168.100.3,80,104191,1.907041,86,0,3,2.649133,100,0,0.271561,4.411627,1,DDoS,TCP
1998741,tcp,192.168.100.148,64062,192.168.100.3,80,85347,1.621686,100,0,1,1.257003,100,0,0.267753,3.546756,1,DDoS,TCP
1726226,tcp,192.168.100.148,23499,192.168.100.3,80,74985,0.132788,100,0,1,0.132788,100,0,0.190893,0.265577,1,DDoS,TCP
3270689,udp,192.168.100.148,59706,192.168.100.3,80,117761,0.645342,100,2.773393,4,3.685558,100,0,0.724366,4.167466,1,DDoS,UDP
1977997,tcp,192.168.100.147,27755,192.168.100.3,80,64603,0.247856,48,3.01052,3,3.345937,100,0,0.294352,3.601806,1,DDoS,TCP
1823032,tcp,192.168.100.149,42224,192.168.100.3,80,171791,0,100,0.264926,1,0.264926,100,0,3.774639,0.264926,1,DDoS,TCP
3298073,udp,192.168.100.147,43354,192.168.100.3,80,145145,0.814776,100,2.98654,4,3.987144,100,0,1.002318,4.982302,1,DDoS,UDP
665814,udp,192.168.100.147,30950,192.168.100.7,80,48537,1.325876,34,0,4,1.325167,34,0,0.301288,2.733765,1,DoS,UDP
1444910,udp,192.168.100.150,63781,192.168.100.3,80,41167,1.909164,100,0,4,3.818279,100,0,0.626786,4.791308,1,DoS,UDP
588012,tcp,192.168.100.148,63682,192.168.100.6,80,62231,0.026291,100,0,1,0.026131,100,0.017721,0.053154,0.056362,1,DoS,TCP
846444,udp,192.168.100.150,1879,192.168.100.3,80,229167,0.716265,100,2.932403,4,4.162931,100,0,0.428312,4.715336,1,DoS,UDP
2183113,tcp,192.168.100.150,26487,192.168.100.3,80,7565,1.743584,54,0,1,2.46356,100,0,0.362045,3.786346,1,DDoS,TCP
1743071,tcp,192.168.100.149,20195,192.168.100.3,80,91830,0,86,0,3,0,100,0,0.094174,0,1,DDoS,TCP
2306103,tcp,192.168.100.148,15940,192.168.100.3,80,130563,1.547499,100,0,3,2.182649,100,0,0.307464,3.412407,1,DDoS,TCP
2634158,udp,192.168.100.147,7481,192.168.100.3,80,5541,1.735931,100,0,4,3.00668,100,0,0.838044,4.023216,1,DDoS,UDP
872642,udp,192.168.100.149,61311,192.168.100.5,80,255366,0.167513,100,4.108444,4,4.266491,100,0,0.235693,4.498344,1,DoS,UDP
2203505,tcp,192.168.100.149,3986,192.168.100.3,80,27963,1.695918,100,0,3,2.398342,100,0,0.28258,3.610681,1,DDoS,TCP
1485427,udp,192.168.100.150,22059,192.168.100.3,80,81684,1.92584,100,0,4,3.850387,100,0,0.571934,4.908338,1,DoS,UDP
143190,tcp,192.168.100.147,53859,192.168.100.7,80,141713,0,44,0,3,0,44,0,0.119737,0,1,DoS,TCP
2164866,tcp,192.168.100.150,4828,192.168.100.3,80,251473,2.014689,100,0,3,2.014689,100,0,0.140383,4.029379,1,DDoS,TCP
1948032,tcp,192.168.100.147,17486,192.168.100.3,80,34635,1.471126,50,0,1,2.498397,100,0,0.354732,3.642239,1,DDoS,TCP
2586355,tcp,192.168.100.147,38278,192.168.100.3,80,148668,0.108321,84,0,3,0.062539,100,0,0.09215,0.250156,1,DDoS,TCP
2834343,udp,192.168.100.148,28,192.168.100.3,80,205726,2.129113,100,0,4,2.98363,100,0,0.682383,4.826374,1,DDoS,UDP
942768,udp,192.168.100.149,7941,192.168.100.5,80,63334,0.026086,100,4.087203,4,4.122195,100,0,0.242885,4.149905,1,DoS,UDP
25130,tcp,192.168.100.148,8316,192.168.100.6,80,23653,0.023531,50,0,1,0.018514,50,0.04899,0.127679,0.056231,1,DoS,TCP
60445,tcp,192.168.100.149,8134,192.168.100.5,80,58968,0.02244,74,0,3,0.012956,74,0,0.104172,0.051824,1,DoS,TCP
2654467,udp,192.168.100.148,6691,192.168.100.3,80,25850,0.314912,100,3.481752,4,3.926945,100,0,0.532142,4.15983,1,DDoS,UDP
3260159,udp,192.168.100.149,50282,192.168.100.3,80,107231,1.95011,97,0,4,2.757764,100,0,0.484601,4.157664,1,DDoS,UDP
2187278,tcp,192.168.100.147,3861,192.168.100.3,80,11730,1.366049,58,0,1,2.364874,100,0.109006,0.484613,3.207198,1,DDoS,TCP
1378394,udp,192.168.100.149,25725,192.168.100.5,80,236806,1.726334,100,0,4,2.096286,100,0,0.245314,3.904535,1,DoS,UDP
305937,tcp,192.168.100.147,60927,192.168.100.7,80,42307,0,65,0,3,0,65,0,0.117628,0,1,DoS,TCP
43183,tcp,192.168.100.147,28043,192.168.100.7,80,41706,0,99,0,3,0,99,0,0.09338,0,1,DoS,TCP
45117,tcp,192.168.100.148,16580,192.168.100.6,80,43640,0.060666,66,0,1,0.03527,66,0.050083,0.127476,0.155526,1,DoS,TCP
3281646,udp,192.168.100.147,35567,192.168.100.3,80,128718,0.820492,100,2.985025,4,3.989669,100,0,1.002501,4.994812,1,DDoS,UDP
3260012,udp,192.168.100.147,23714,192.168.100.3,80,107084,0.822693,100,2.980193,4,3.983739,100,0,1.00307,4.995321,1,DDoS,UDP
1582554,udp,192.168.100.147,374,192.168.100.7,80,178811,0.04976,100,3.624776,4,3.663152,100,0,0.287131,3.748493,1,DoS,UDP
2165013,tcp,192.168.100.150,4949,192.168.100.3,80,251620,2.013738,100,0,3,2.013738,100,0,0.140448,4.027476,1,DDoS,TCP
883417,udp,192.168.100.147,31323,192.168.100.7,80,3983,0.458911,100,1.354722,4,2.380511,100,0,0.404801,2.599026,1,DoS,UDP
1952021,tcp,192.168.100.149,36680,192.168.100.3,80,38624,1.923819,100,0,3,2.720591,100,0,0.249978,4.101068,1,DDoS,TCP
3477328,udp,192.168.100.147,4726,192.168.100.3,80,62247,1.927413,100,0.899481,4,3.625238,100,0,0.938348,4.99603,1,DDoS,UDP
3185518,udp,192.168.100.150,41284,192.168.100.3,80,32590,0.973293,27,2.026737,4,3.403023,100,0,0.490372,4.109278,1,DDoS,UDP
2690353,udp,192.168.100.148,24874,192.168.100.3,80,61736,0.30023,100,3.499368,4,3.923837,100,0,0.60379,4.144828,1,DDoS,UDP
1290569,udp,192.168.100.147,54814,192.168.100.7,80,148980,1.84588,100,0,4,1.845317,100,0,0.190238,3.755107,1,DoS,UDP
2726724,udp,192.168.100.149,10563,192.168.100.3,80,98107,0.374692,81,4.064288,4,4.438981,100,0,0.366098,4.813673,1,DDoS,UDP
291556,tcp,192.168.100.147,56244,192.168.100.7,80,27926,0,100,0,3,0,100,0,0.120055,0,1,DoS,TCP
3051953,udp,192.168.100.148,21460,192.168.100.3,80,161175,0.637888,83,2.752194,4,3.654302,100,0,0.729596,4.106797,1,DDoS,UDP
3169125,udp,192.168.100.147,50459,192.168.100.3,80,16197,0.949026,100,2.968671,4,4.310776,100,0,1.003242,4.98832,1,DDoS,UDP
3312105,udp,192.168.100.148,5645,192.168.100.3,80,159177,0.645806,100,2.771044,4,3.683482,100,0,0.724953,4.174204,1,DDoS,UDP
2459918,tcp,192.168.100.150,14468,192.168.100.3,80,22230,0.109214,82,0,1,0.077174,100,0.133771,0.153217,0.238455,1,DDoS,TCP
2847722,udp,192.168.100.150,47237,192.168.100.3,80,219105,0.437906,100,4.036066,4,4.473975,100,0,0.45578,4.911884,1,DDoS,UDP
73370434,udp,192.168.100.147,50458,116.206.80.123,123,262166,0.64739,27,4.7456,1,1,90,0,141.183105,0,0,Normal,Normal
73000315,udp,192.168.100.148,40116,192.168.100.7,80,154210,0.645806,32,3.5684,2,0,543,0,4784.688965,0,0,Normal,Normal
73370437,udp,192.168.100.147,50458,116.206.80.123,123,262166,0.64739,27,4.7456,1,1,90,0,141.183105,0,0,Normal,Normal
73000385,udp,192.168.100.148,40116,192.168.100.7,80,154210,0.645806,32,3.5684,2,0,543,0,4784.688965,0,0,Normal,Normal
73370436,tcp,192.168.100.46,80,192.168.100.5,80,1,0.67393,15,2.4785,9904,0,9267118,0,79.974998,0,0,Normal,Normal
73370437,udp,192.168.100.46,3456,192.168.100.5,80,2,0.64739,27,4.7456,9903,9903,9410581,9857271,159.957977,79.974945,0,Normal,Normal
73370438,tcp,192.168.100.55,8080,192.168.100.3,80,3,0.69786,10,2.222,9903,9903,9961841,9339541,159.957977,79.974953,0,Normal,Normal
73370439,udp,192.168.100.46,80,192.168.100.5,80,4,0.600474,17,5.43422,9903,0,9501175,0,79.977333,0,0,Normal,Normal
73370440,tcp,192.168.100.5,0,192.168.100.3,0,5,0.66343,14,3.4455,5942,0,4223674,0,47.984787,0,0,Normal,Normal
73370441,udp,192.168.100.7,365,192.168.100.3,565,6,0.600474,17,5.43422,5323,0,319380,0,42.989494,0,0,Normal,Normal
73370443,tcp,192.168.100.3,41307,52.64.239.193,8883,9,0.69786,10,2.222,48,48,37748,3168,0.821691,0.4085,0,Normal,Normal
73370434,udp,192.168.100.147,50458,116.206.80.123,123,262166,0.64739,27,4.7456,1,1,90,0,141.183105,0,0,Normal,Normal
73000315,udp,192.168.100.148,40116,192.168.100.7,80,154210,0.645806,32,3.5684,2,0,543,0,4784.688965,0,0,Normal,Normal
73370437,udp,192.168.100.147,50458,116.206.80.123,123,262166,0.64739,27,4.7456,1,1,90,0,141.183105,0,0,Normal,Normal
73000385,udp,192.168.100.148,40116,192.168.100.7,80,154210,0.645806,32,3.5684,2,0,543,0,4784.688965,0,0,Normal,Normal
73370436,tcp,192.168.100.46,80,192.168.100.5,80,1,0.67393,15,2.4785,9904,0,9267118,0,79.974998,0,0,Normal,Normal
73370437,udp,192.168.100.46,3456,192.168.100.5,80,2,0.64739,27,4.7456,9903,9903,9410581,9857271,159.957977,79.974945,0,Normal,Normal
73370438,tcp,192.168.100.55,8080,192.168.100.3,80,3,0.69786,10,2.222,9903,9903,9961841,9339541,159.957977,79.974953,0,Normal,Normal
73370439,udp,192.168.100.46,80,192.168.100.5,80,4,0.600474,17,5.43422,9903,0,9501175,0,79.977333,0,0,Normal,Normal
73370440,tcp,192.168.100.5,0,192.168.100.3,0,5,0.66343,14,3.4455,5942,0,4223674,0,47.984787,0,0,Normal,Normal
73370441,udp,192.168.100.7,365,192.168.100.3,565,6,0.600474,17,5.43422,5323,0,319380,0,42.989494,0,0,Normal,Normal
73370443,tcp,192.168.100.3,41307,52.64.239.193,8883,9,0.69786,10,2.222,48,48,37748,3168,0.821691,0.4085,0,Normal,Normal
73370437,udp,192.168.100.46,3456,192.168.100.5,80,2,0.64739,27,4.7456,9903,9903,9410581,9857271,159.957977,79.974945,0,Normal,Normal
73370438,tcp,192.168.100.55,8080,192.168.100.3,80,3,0.69786,10,2.222,9903,9903,9961841,9339541,159.957977,79.974953,0,Normal,Normal
73370439,udp,192.168.100.46,80,192.168.100.5,80,4,0.600474,17,5.43422,9903,0,9501175,0,79.977333,0,0,Normal,Normal
73370440,tcp,192.168.100.5,0,192.168.100.3,0,5,0.66343,14,3.4455,5942,0,4223674,0,47.984787,0,0,Normal,Normal
73370441,udp,192.168.100.7,365,192.168.100.3,565,6,0.600474,17,5.43422,5323,0,319380,0,42.989494,0,0,Normal,Normal
73370443,tcp,192.168.100.3,41307,52.64.239.193,8883,9,0.69786,10,2.222,48,48,37748,3168,0.821691,0.4085,0,Normal,Normal
73370434,udp,192.168.100.147,50458,116.206.80.123,123,262166,0.64739,27,4.7456,1,1,90,0,141.183105,0,0,Normal,Normal
73000315,udp,192.168.100.148,40116,192.168.100.7,80,154210,0.645806,32,3.5684,2,0,543,0,4784.688965,0,0,Normal,Normal
73370437,udp,192.168.100.147,50458,116.206.80.123,123,262166,0.64739,27,4.7456,1,1,90,0,141.183105,0,0,Normal,Normal
73000385,udp,192.168.100.148,40116,192.168.100.7,80,154210,0.645806,32,3.5684,2,0,543,0,4784.688965,0,0,Normal,Normal
73370436,tcp,192.168.100.46,80,192.168.100.5,80,1,0.67393,15,2.4785,9904,0,9267118,0,79.974998,0,0,Normal,Normal
73370434,udp,192.168.100.147,50458,116.206.80.123,123,262166,0.64739,27,4.7456,1,1,90,0,141.183105,0,0,Normal,Normal
73000315,udp,192.168.100.148,40116,192.168.100.7,80,154210,0.645806,32,3.5684,2,0,543,0,4784.688965,0,0,Normal,Normal
73370437,udp,192.168.100.147,50458,116.206.80.123,123,262166,0.64739,27,4.7456,1,1,90,0,141.183105,0,0,Normal,Normal
73000385,udp,192.168.100.148,40116,192.168.100.7,80,154210,0.645806,32,3.5684,2,0,543,0,4784.688965,0,0,Normal,Normal
73370436,tcp,192.168.100.46,80,192.168.100.5,80,1,0.67393,15,2.4785,9904,0,9267118,0,79.974998,0,0,Normal,Normal
73370437,udp,192.168.100.46,3456,192.168.100.5,80,2,0.64739,27,4.7456,9903,9903,9410581,9857271,159.957977,79.974945,0,Normal,Normal
73370438,tcp,192.168.100.55,8080,192.168.100.3,80,3,0.69786,10,2.222,9903,9903,9961841,9339541,159.957977,79.974953,0,Normal,Normal
73370439,udp,192.168.100.46,80,192.168.100.5,80,4,0.600474,17,5.43422,9903,0,9501175,0,79.977333,0,0,Normal,Normal
73370440,tcp,192.168.100.5,0,192.168.100.3,0,5,0.66343,14,3.4455,5942,0,4223674,0,47.984787,0,0,Normal,Normal
73370441,udp,192.168.100.7,365,192.168.100.3,565,6,0.600474,17,5.43422,5323,0,319380,0,42.989494,0,0,Normal,Normal
73370443,tcp,192.168.100.3,41307,52.64.239.193,8883,9,0.69786,10,2.222,48,48,37748,3168,0.821691,0.4085,0,Normal,Normal
73370434,udp,192.168.100.147,50458,116.206.80.123,123,262166,0.64739,27,4.7456,1,1,90,0,141.183105,0,0,Normal,Normal
73000315,udp,192.168.100.148,40116,192.168.100.7,80,154210,0.645806,32,3.5684,2,0,543,0,4784.688965,0,0,Normal,Normal
73370437,udp,192.168.100.147,50458,116.206.80.123,123,262166,0.64739,27,4.7456,1,1,90,0,141.183105,0,0,Normal,Normal
73000385,udp,192.168.100.148,40116,192.168.100.7,80,154210,0.645806,32,3.5684,2,0,543,0,4784.688965,0,0,Normal,Normal
73370436,tcp,192.168.100.46,80,192.168.100.5,80,1,0.67393,15,2.4785,9904,0,9267118,0,79.974998,0,0,Normal,Normal
73370437,udp,192.168.100.46,3456,192.168.100.5,80,2,0.64739,27,4.7456,9903,9903,9410581,9857271,159.957977,79.974945,0,Normal,Normal
73370438,tcp,192.168.100.55,8080,192.168.100.3,80,3,0.69786,10,2.222,9903,9903,9961841,9339541,159.957977,79.974953,0,Normal,Normal
73370439,udp,192.168.100.46,80,192.168.100.5,80,4,0.600474,17,5.43422,9903,0,9501175,0,79.977333,0,0,Normal,Normal
73370440,tcp,192.168.100.5,0,192.168.100.3,0,5,0.66343,14,3.4455,5942,0,4223674,0,47.984787,0,0,Normal,Normal
73370441,udp,192.168.100.7,365,192.168.100.3,565,6,0.600474,17,5.43422,5323,0,319380,0,42.989494,0,0,Normal,Normal
73370443,tcp,192.168.100.3,41307,52.64.239.193,8883,9,0.69786,10,2.222,48,48,37748,3168,0.821691,0.4085,0,Normal,Normal
73370437,udp,192.168.100.46,3456,192.168.100.5,80,2,0.64739,27,4.7456,9903,9903,9410581,9857271,159.957977,79.974945,0,Normal,Normal
73370438,tcp,192.168.100.55,8080,192.168.100.3,80,3,0.69786,10,2.222,9903,9903,9961841,9339541,159.957977,79.974953,0,Normal,Normal
73370439,udp,192.168.100.46,80,192.168.100.5,80,4,0.600474,17,5.43422,9903,0,9501175,0,79.977333,0,0,Normal,Normal
73370440,tcp,192.168.100.5,0,192.168.100.3,0,5,0.66343,14,3.4455,5942,0,4223674,0,47.984787,0,0,Normal,Normal
73370441,udp,192.168.100.7,365,192.168.100.3,565,6,0.600474,17,5.43422,5323,0,319380,0,42.989494,0,0,Normal,Normal
73370443,tcp,192.168.100.3,41307,52.64.239.193,8883,9,0.69786,10,2.222,48,48,37748,3168,0.821691,0.4085,0,Normal,Normal
73370434,udp,192.168.100.147,50458,116.206.80.123,123,262166,0.64739,27,4.7456,1,1,90,0,141.183105,0,0,Normal,Normal
73000315,udp,192.168.100.148,40116,192.168.100.7,80,154210,0.645806,32,3.5684,2,0,543,0,4784.688965,0,0,Normal,Normal
73370437,udp,192.168.100.147,50458,116.206.80.123,123,262166,0.64739,27,4.7456,1,1,90,0,141.183105,0,0,Normal,Normal
73000385,udp,192.168.100.148,40116,192.168.100.7,80,154210,0.645806,32,3.5684,2,0,543,0,4784.688965,0,0,Normal,Normal
73370436,tcp,192.168.100.46,80,192.168.100.5,80,1,0.67393,15,2.4785,9904,0,9267118,0,79.974998,0,0,Normal,Normal
73370434,udp,192.168.100.147,50458,116.206.80.123,123,262166,0.64739,27,4.7456,1,1,90,0,141.183105,0,0,Normal,Normal
73000315,udp,192.168.100.148,40116,192.168.100.7,80,154210,0.645806,32,3.5684,2,0,543,0,4784.688965,0,0,Normal,Normal
73370437,udp,192.168.100.147,50458,116.206.80.123,123,262166,0.64739,27,4.7456,1,1,90,0,141.183105,0,0,Normal,Normal
73000385,udp,192.168.100.148,40116,192.168.100.7,80,154210,0.645806,32,3.5684,2,0,543,0,4784.688965,0,0,Normal,Normal
73370436,tcp,192.168.100.46,80,192.168.100.5,80,1,0.67393,15,2.4785,9904,0,9267118,0,79.974998,0,0,Normal,Normal
73370437,udp,192.168.100.46,3456,192.168.100.5,80,2,0.64739,27,4.7456,9903,9903,9410581,9857271,159.957977,79.974945,0,Normal,Normal
73370438,tcp,192.168.100.55,8080,192.168.100.3,80,3,0.69786,10,2.222,9903,9903,9961841,9339541,159.957977,79.974953,0,Normal,Normal
73370439,udp,192.168.100.46,80,192.168.100.5,80,4,0.600474,17,5.43422,9903,0,9501175,0,79.977333,0,0,Normal,Normal
73370440,tcp,192.168.100.5,0,192.168.100.3,0,5,0.66343,14,3.4455,5942,0,4223674,0,47.984787,0,0,Normal,Normal
73370441,udp,192.168.100.7,365,192.168.100.3,565,6,0.600474,17,5.43422,5323,0,319380,0,42.989494,0,0,Normal,Normal
73370443,tcp,192.168.100.3,41307,52.64.239.193,8883,9,0.69786,10,2.222,48,48,37748,3168,0.821691,0.4085,0,Normal,Normal
73370434,udp,192.168.100.147,50458,116.206.80.123,123,262166,0.64739,27,4.7456,1,1,90,0,141.183105,0,0,Normal,Normal
73000315,udp,192.168.100.148,40116,192.168.100.7,80,154210,0.645806,32,3.5684,2,0,543,0,4784.688965,0,0,Normal,Normal
73370437,udp,192.168.100.147,50458,116.206.80.123,123,262166,0.64739,27,4.7456,1,1,90,0,141.183105,0,0,Normal,Normal
73000385,udp,192.168.100.148,40116,192.168.100.7,80,154210,0.645806,32,3.5684,2,0,543,0,4784.688965,0,0,Normal,Normal
73370436,tcp,192.168.100.46,80,192.168.100.5,80,1,0.67393,15,2.4785,9904,0,9267118,0,79.974998,0,0,Normal,Normal
73370437,udp,192.168.100.46,3456,192.168.100.5,80,2,0.64739,27,4.7456,9903,9903,9410581,9857271,159.957977,79.974945,0,Normal,Normal
73370438,tcp,192.168.100.55,8080,192.168.100.3,80,3,0.69786,10,2.222,9903,9903,9961841,9339541,159.957977,79.974953,0,Normal,Normal
73370439,udp,192.168.100.46,80,192.168.100.5,80,4,0.600474,17,5.43422,9903,0,9501175,0,79.977333,0,0,Normal,Normal
73370440,tcp,192.168.100.5,0,192.168.100.3,0,5,0.66343,14,3.4455,5942,0,4223674,0,47.984787,0,0,Normal,Normal
73370441,udp,192.168.100.7,365,192.168.100.3,565,6,0.600474,17,5.43422,5323,0,319380,0,42.989494,0,0,Normal,Normal
73370443,tcp,192.168.100.3,41307,52.64.239.193,8883,9,0.69786,10,2.222,48,48,37748,3168,0.821691,0.4085,0,Normal,Normal
73370437,udp,192.168.100.46,3456,192.168.100.5,80,2,0.64739,27,4.7456,9903,9903,9410581,9857271,159.957977,79.974945,0,Normal,Normal
73370438,tcp,192.168.100.55,8080,192.168.100.3,80,3,0.69786,10,2.222,9903,9903,9961841,9339541,159.957977,79.974953,0,Normal,Normal
73370439,udp,192.168.100.46,80,192.168.100.5,80,4,0.600474,17,5.43422,9903,0,9501175,0,79.977333,0,0,Normal,Normal
73370440,tcp,192.168.100.5,0,192.168.100.3,0,5,0.66343,14,3.4455,5942,0,4223674,0,47.984787,0,0,Normal,Normal
73370441,udp,192.168.100.7,365,192.168.100.3,565,6,0.600474,17,5.43422,5323,0,319380,0,42.989494,0,0,Normal,Normal
73370443,tcp,192.168.100.3,41307,52.64.239.193,8883,9,0.69786,10,2.222,48,48,37748,3168,0.821691,0.4085,0,Normal,Normal
73370434,udp,192.168.100.147,50458,116.206.80.123,123,262166,0.64739,27,4.7456,1,1,90,0,141.183105,0,0,Normal,Normal
73000315,udp,192.168.100.148,40116,192.168.100.7,80,154210,0.645806,32,3.5684,2,0,543,0,4784.688965,0,0,Normal,Normal
73370437,udp,192.168.100.147,50458,116.206.80.123,123,262166,0.64739,27,4.7456,1,1,90,0,141.183105,0,0,Normal,Normal
73000385,udp,192.168.100.148,40116,192.168.100.7,80,154210,0.645806,32,3.5684,2,0,543,0,4784.688965,0,0,Normal,Normal
73370436,tcp,192.168.100.46,80,192.168.100.5,80,1,0.67393,15,2.4785,9904,0,9267118,0,79.974998,0,0,Normal,Normal
73370434,udp,192.168.100.147,50458,116.206.80.123,123,262166,0.64739,27,4.7456,1,1,90,0,141.183105,0,0,Normal,Normal
73000315,udp,192.168.100.148,40116,192.168.100.7,80,154210,0.645806,32,3.5684,2,0,543,0,4784.688965,0,0,Normal,Normal
73370437,udp,192.168.100.147,50458,116.206.80.123,123,262166,0.64739,27,4.7456,1,1,90,0,141.183105,0,0,Normal,Normal
73000385,udp,192.168.100.148,40116,192.168.100.7,80,154210,0.645806,32,3.5684,2,0,543,0,4784.688965,0,0,Normal,Normal
73370436,tcp,192.168.100.46,80,192.168.100.5,80,1,0.67393,15,2.4785,9904,0,9267118,0,79.974998,0,0,Normal,Normal
73370437,udp,192.168.100.46,3456,192.168.100.5,80,2,0.64739,27,4.7456,9903,9903,9410581,9857271,159.957977,79.974945,0,Normal,Normal
73370438,tcp,192.168.100.55,8080,192.168.100.3,80,3,0.69786,10,2.222,9903,9903,9961841,9339541,159.957977,79.974953,0,Normal,Normal
73370439,udp,192.168.100.46,80,192.168.100.5,80,4,0.600474,17,5.43422,9903,0,9501175,0,79.977333,0,0,Normal,Normal
73370440,tcp,192.168.100.5,0,192.168.100.3,0,5,0.66343,14,3.4455,5942,0,4223674,0,47.984787,0,0,Normal,Normal
73370441,udp,192.168.100.7,365,192.168.100.3,565,6,0.600474,17,5.43422,5323,0,319380,0,42.989494,0,0,Normal,Normal
73370443,tcp,192.168.100.3,41307,52.64.239.193,8883,9,0.69786,10,2.222,48,48,37748,3168,0.821691,0.4085,0,Normal,Normal
73370434,udp,192.168.100.147,50458,116.206.80.123,123,262166,0.64739,27,4.7456,1,1,90,0,141.183105,0,0,Normal,Normal
73000315,udp,192.168.100.148,40116,192.168.100.7,80,154210,0.645806,32,3.5684,2,0,543,0,4784.688965,0,0,Normal,Normal
73370437,udp,192.168.100.147,50458,116.206.80.123,123,262166,0.64739,27,4.7456,1,1,90,0,141.183105,0,0,Normal,Normal
73000385,udp,192.168.100.148,40116,192.168.100.7,80,154210,0.645806,32,3.5684,2,0,543,0,4784.688965,0,0,Normal,Normal
73370436,tcp,192.168.100.46,80,192.168.100.5,80,1,0.67393,15,2.4785,9904,0,9267118,0,79.974998,0,0,Normal,Normal
73370437,udp,192.168.100.46,3456,192.168.100.5,80,2,0.64739,27,4.7456,9903,9903,9410581,9857271,159.957977,79.974945,0,Normal,Normal
73370438,tcp,192.168.100.55,8080,192.168.100.3,80,3,0.69786,10,2.222,9903,9903,9961841,9339541,159.957977,79.974953,0,Normal,Normal
73370439,udp,192.168.100.46,80,192.168.100.5,80,4,0.600474,17,5.43422,9903,0,9501175,0,79.977333,0,0,Normal,Normal
73370440,tcp,192.168.100.5,0,192.168.100.3,0,5,0.66343,14,3.4455,5942,0,4223674,0,47.984787,0,0,Normal,Normal
73370441,udp,192.168.100.7,365,192.168.100.3,565,6,0.600474,17,5.43422,5323,0,319380,0,42.989494,0,0,Normal,Normal
73370443,tcp,192.168.100.3,41307,52.64.239.193,8883,9,0.69786,10,2.222,48,48,37748,3168,0.821691,0.4085,0,Normal,Normal
73370437,udp,192.168.100.46,3456,192.168.100.5,80,2,0.64739,27,4.7456,9903,9903,9410581,9857271,159.957977,79.974945,0,Normal,Normal
73370438,tcp,192.168.100.55,8080,192.168.100.3,80,3,0.69786,10,2.222,9903,9903,9961841,9339541,159.957977,79.974953,0,Normal,Normal
73370439,udp,192.168.100.46,80,192.168.100.5,80,4,0.600474,17,5.43422,9903,0,9501175,0,79.977333,0,0,Normal,Normal
73370440,tcp,192.168.100.5,0,192.168.100.3,0,5,0.66343,14,3.4455,5942,0,4223674,0,47.984787,0,0,Normal,Normal
73370441,udp,192.168.100.7,365,192.168.100.3,565,6,0.600474,17,5.43422,5323,0,319380,0,42.989494,0,0,Normal,Normal
73370443,tcp,192.168.100.3,41307,52.64.239.193,8883,9,0.69786,10,2.222,48,48,37748,3168,0.821691,0.4085,0,Normal,Normal
73370434,udp,192.168.100.147,50458,116.206.80.123,123,262166,0.64739,27,4.7456,1,1,90,0,141.183105,0,0,Normal,Normal
73000315,udp,192.168.100.148,40116,192.168.100.7,80,154210,0.645806,32,3.5684,2,0,543,0,4784.688965,0,0,Normal,Normal
73370437,udp,192.168.100.147,50458,116.206.80.123,123,262166,0.64739,27,4.7456,1,1,90,0,141.183105,0,0,Normal,Normal
73000385,udp,192.168.100.148,40116,192.168.100.7,80,154210,0.645806,32,3.5684,2,0,543,0,4784.688965,0,0,Normal,Normal
73370436,tcp,192.168.100.46,80,192.168.100.5,80,1,0.67393,15,2.4785,9904,0,9267118,0,79.974998,0,0,Normal,Normal
73370434,udp,192.168.100.147,50458,116.206.80.123,123,262166,0.64739,27,4.7456,1,1,90,0,141.183105,0,0,Normal,Normal
73000315,udp,192.168.100.148,40116,192.168.100.7,80,154210,0.645806,32,3.5684,2,0,543,0,4784.688965,0,0,Normal,Normal
73370437,udp,192.168.100.147,50458,116.206.80.123,123,262166,0.64739,27,4.7456,1,1,90,0,141.183105,0,0,Normal,Normal
73000385,udp,192.168.100.148,40116,192.168.100.7,80,154210,0.645806,32,3.5684,2,0,543,0,4784.688965,0,0,Normal,Normal
73370436,tcp,192.168.100.46,80,192.168.100.5,80,1,0.67393,15,2.4785,9904,0,9267118,0,79.974998,0,0,Normal,Normal
73370437,udp,192.168.100.46,3456,192.168.100.5,80,2,0.64739,27,4.7456,9903,9903,9410581,9857271,159.957977,79.974945,0,Normal,Normal
73370438,tcp,192.168.100.55,8080,192.168.100.3,80,3,0.69786,10,2.222,9903,9903,9961841,9339541,159.957977,79.974953,0,Normal,Normal
73370439,udp,192.168.100.46,80,192.168.100.5,80,4,0.600474,17,5.43422,9903,0,9501175,0,79.977333,0,0,Normal,Normal
73370440,tcp,192.168.100.5,0,192.168.100.3,0,5,0.66343,14,3.4455,5942,0,4223674,0,47.984787,0,0,Normal,Normal
73370441,udp,192.168.100.7,365,192.168.100.3,565,6,0.600474,17,5.43422,5323,0,319380,0,42.989494,0,0,Normal,Normal
73370443,tcp,192.168.100.3,41307,52.64.239.193,8883,9,0.69786,10,2.222,48,48,37748,3168,0.821691,0.4085,0,Normal,Normal
73370434,udp,192.168.100.147,50458,116.206.80.123,123,262166,0.64739,27,4.7456,1,1,90,0,141.183105,0,0,Normal,Normal
73000315,udp,192.168.100.148,40116,192.168.100.7,80,154210,0.645806,32,3.5684,2,0,543,0,4784.688965,0,0,Normal,Normal
73370437,udp,192.168.100.147,50458,116.206.80.123,123,262166,0.64739,27,4.7456,1,1,90,0,141.183105,0,0,Normal,Normal
73000385,udp,192.168.100.148,40116,192.168.100.7,80,154210,0.645806,32,3.5684,2,0,543,0,4784.688965,0,0,Normal,Normal
73370436,tcp,192.168.100.46,80,192.168.100.5,80,1,0.67393,15,2.4785,9904,0,9267118,0,79.974998,0,0,Normal,Normal
73370437,udp,192.168.100.46,3456,192.168.100.5,80,2,0.64739,27,4.7456,9903,9903,9410581,9857271,159.957977,79.974945,0,Normal,Normal
73370438,tcp,192.168.100.55,8080,192.168.100.3,80,3,0.69786,10,2.222,9903,9903,9961841,9339541,159.957977,79.974953,0,Normal,Normal
73370439,udp,192.168.100.46,80,192.168.100.5,80,4,0.600474,17,5.43422,9903,0,9501175,0,79.977333,0,0,Normal,Normal
73370440,tcp,192.168.100.5,0,192.168.100.3,0,5,0.66343,14,3.4455,5942,0,4223674,0,47.984787,0,0,Normal,Normal
73370441,udp,192.168.100.7,365,192.168.100.3,565,6,0.600474,17,5.43422,5323,0,319380,0,42.989494,0,0,Normal,Normal
73370443,tcp,192.168.100.3,41307,52.64.239.193,8883,9,0.69786,10,2.222,48,48,37748,3168,0.821691,0.4085,0,Normal,Normal
73370437,udp,192.168.100.46,3456,192.168.100.5,80,2,0.64739,27,4.7456,9903,9903,9410581,9857271,159.957977,79.974945,0,Normal,Normal
73370438,tcp,192.168.100.55,8080,192.168.100.3,80,3,0.69786,10,2.222,9903,9903,9961841,9339541,159.957977,79.974953,0,Normal,Normal
73370439,udp,192.168.100.46,80,192.168.100.5,80,4,0.600474,17,5.43422,9903,0,9501175,0,79.977333,0,0,Normal,Normal
73370440,tcp,192.168.100.5,0,192.168.100.3,0,5,0.66343,14,3.4455,5942,0,4223674,0,47.984787,0,0,Normal,Normal
73370441,udp,192.168.100.7,365,192.168.100.3,565,6,0.600474,17,5.43422,5323,0,319380,0,42.989494,0,0,Normal,Normal
73370443,tcp,192.168.100.3,41307,52.64.239.193,8883,9,0.69786,10,2.222,48,48,37748,3168,0.821691,0.4085,0,Normal,Normal
73370434,udp,192.168.100.147,50458,116.206.80.123,123,262166,0.64739,27,4.7456,1,1,90,0,141.183105,0,0,Normal,Normal
73000315,udp,192.168.100.148,40116,192.168.100.7,80,154210,0.645806,32,3.5684,2,0,543,0,4784.688965,0,0,Normal,Normal
73370437,udp,192.168.100.147,50458,116.206.80.123,123,262166,0.64739,27,4.7456,1,1,90,0,141.183105,0,0,Normal,Normal
73000385,udp,192.168.100.148,40116,192.168.100.7,80,154210,0.645806,32,3.5684,2,0,543,0,4784.688965,0,0,Normal,Normal
73370436,tcp,192.168.100.46,80,192.168.100.5,80,1,0.67393,15,2.4785,9904,0,9267118,0,79.974998,0,0,Normal,Normal
73370434,udp,192.168.100.147,50458,116.206.80.123,123,262166,0.64739,27,4.7456,1,1,90,0,141.183105,0,0,Normal,Normal
73000315,udp,192.168.100.148,40116,192.168.100.7,80,154210,0.645806,32,3.5684,2,0,543,0,4784.688965,0,0,Normal,Normal
73370437,udp,192.168.100.147,50458,116.206.80.123,123,262166,0.64739,27,4.7456,1,1,90,0,141.183105,0,0,Normal,Normal
73000385,udp,192.168.100.148,40116,192.168.100.7,80,154210,0.645806,32,3.5684,2,0,543,0,4784.688965,0,0,Normal,Normal
73370436,tcp,192.168.100.46,80,192.168.100.5,80,1,0.67393,15,2.4785,9904,0,9267118,0,79.974998,0,0,Normal,Normal
73370437,udp,192.168.100.46,3456,192.168.100.5,80,2,0.64739,27,4.7456,9903,9903,9410581,9857271,159.957977,79.974945,0,Normal,Normal
73370438,tcp,192.168.100.55,8080,192.168.100.3,80,3,0.69786,10,2.222,9903,9903,9961841,9339541,159.957977,79.974953,0,Normal,Normal
73370439,udp,192.168.100.46,80,192.168.100.5,80,4,0.600474,17,5.43422,9903,0,9501175,0,79.977333,0,0,Normal,Normal
73370440,tcp,192.168.100.5,0,192.168.100.3,0,5,0.66343,14,3.4455,5942,0,4223674,0,47.984787,0,0,Normal,Normal
73370441,udp,192.168.100.7,365,192.168.100.3,565,6,0.600474,17,5.43422,5323,0,319380,0,42.989494,0,0,Normal,Normal
73370443,tcp,192.168.100.3,41307,52.64.239.193,8883,9,0.69786,10,2.222,48,48,37748,3168,0.821691,0.4085,0,Normal,Normal
73370434,udp,192.168.100.147,50458,116.206.80.123,123,262166,0.64739,27,4.7456,1,1,90,0,141.183105,0,0,Normal,Normal
73000315,udp,192.168.100.148,40116,192.168.100.7,80,154210,0.645806,32,3.5684,2,0,543,0,4784.688965,0,0,Normal,Normal
73370437,udp,192.168.100.147,50458,116.206.80.123,123,262166,0.64739,27,4.7456,1,1,90,0,141.183105,0,0,Normal,Normal
73000385,udp,192.168.100.148,40116,192.168.100.7,80,154210,0.645806,32,3.5684,2,0,543,0,4784.688965,0,0,Normal,Normal
73370436,tcp,192.168.100.46,80,192.168.100.5,80,1,0.67393,15,2.4785,9904,0,9267118,0,79.974998,0,0,Normal,Normal
73370437,udp,192.168.100.46,3456,192.168.100.5,80,2,0.64739,27,4.7456,9903,9903,9410581,9857271,159.957977,79.974945,0,Normal,Normal
73370438,tcp,192.168.100.55,8080,192.168.100.3,80,3,0.69786,10,2.222,9903,9903,9961841,9339541,159.957977,79.974953,0,Normal,Normal
73370439,udp,192.168.100.46,80,192.168.100.5,80,4,0.600474,17,5.43422,9903,0,9501175,0,79.977333,0,0,Normal,Normal
73370440,tcp,192.168.100.5,0,192.168.100.3,0,5,0.66343,14,3.4455,5942,0,4223674,0,47.984787,0,0,Normal,Normal
73370441,udp,192.168.100.7,365,192.168.100.3,565,6,0.600474,17,5.43422,5323,0,319380,0,42.989494,0,0,Normal,Normal
73370443,tcp,192.168.100.3,41307,52.64.239.193,8883,9,0.69786,10,2.222,48,48,37748,3168,0.821691,0.4085,0,Normal,Normal
73370437,udp,192.168.100.46,3456,192.168.100.5,80,2,0.64739,27,4.7456,9903,9903,9410581,9857271,159.957977,79.974945,0,Normal,Normal
73370438,tcp,192.168.100.55,8080,192.168.100.3,80,3,0.69786,10,2.222,9903,9903,9961841,9339541,159.957977,79.974953,0,Normal,Normal
73370439,udp,192.168.100.46,80,192.168.100.5,80,4,0.600474,17,5.43422,9903,0,9501175,0,79.977333,0,0,Normal,Normal
73370440,tcp,192.168.100.5,0,192.168.100.3,0,5,0.66343,14,3.4455,5942,0,4223674,0,47.984787,0,0,Normal,Normal
73370441,udp,192.168.100.7,365,192.168.100.3,565,6,0.600474,17,5.43422,5323,0,319380,0,42.989494,0,0,Normal,Normal
73370443,tcp,192.168.100.3,41307,52.64.239.193,8883,9,0.69786,10,2.222,48,48,37748,3168,0.821691,0.4085,0,Normal,Normal
73370434,udp,192.168.100.147,50458,116.206.80.123,123,262166,0.64739,27,4.7456,1,1,90,0,141.183105,0,0,Normal,Normal
73000315,udp,192.168.100.148,40116,192.168.100.7,80,154210,0.645806,32,3.5684,2,0,543,0,4784.688965,0,0,Normal,Normal
73370437,udp,192.168.100.147,50458,116.206.80.123,123,262166,0.64739,27,4.7456,1,1,90,0,141.183105,0,0,Normal,Normal
73000385,udp,192.168.100.148,40116,192.168.100.7,80,154210,0.645806,32,3.5684,2,0,543,0,4784.688965,0,0,Normal,Normal
73370436,tcp,192.168.100.46,80,192.168.100.5,80,1,0.67393,15,2.4785,9904,0,9267118,0,79.974998,0,0,Normal,Normal
73370434,udp,192.168.100.147,50458,116.206.80.123,123,262166,0.64739,27,4.7456,1,1,90,0,141.183105,0,0,Normal,Normal
73000315,udp,192.168.100.148,40116,192.168.100.7,80,154210,0.645806,32,3.5684,2,0,543,0,4784.688965,0,0,Normal,Normal
73370437,udp,192.168.100.147,50458,116.206.80.123,123,262166,0.64739,27,4.7456,1,1,90,0,141.183105,0,0,Normal,Normal
73000385,udp,192.168.100.148,40116,192.168.100.7,80,154210,0.645806,32,3.5684,2,0,543,0,4784.688965,0,0,Normal,Normal
73370436,tcp,192.168.100.46,80,192.168.100.5,80,1,0.67393,15,2.4785,9904,0,9267118,0,79.974998,0,0,Normal,Normal
73370437,udp,192.168.100.46,3456,192.168.100.5,80,2,0.64739,27,4.7456,9903,9903,9410581,9857271,159.957977,79.974945,0,Normal,Normal
73370438,tcp,192.168.100.55,8080,192.168.100.3,80,3,0.69786,10,2.222,9903,9903,9961841,9339541,159.957977,79.974953,0,Normal,Normal
73370439,udp,192.168.100.46,80,192.168.100.5,80,4,0.600474,17,5.43422,9903,0,9501175,0,79.977333,0,0,Normal,Normal
73370440,tcp,192.168.100.5,0,192.168.100.3,0,5,0.66343,14,3.4455,5942,0,4223674,0,47.984787,0,0,Normal,Normal
73370441,udp,192.168.100.7,365,192.168.100.3,565,6,0.600474,17,5.43422,5323,0,319380,0,42.989494,0,0,Normal,Normal
73370443,tcp,192.168.100.3,41307,52.64.239.193,8883,9,0.69786,10,2.222,48,48,37748,3168,0.821691,0.4085,0,Normal,Normal
73370434,udp,192.168.100.147,50458,116.206.80.123,123,262166,0.64739,27,4.7456,1,1,90,0,141.183105,0,0,Normal,Normal
73000315,udp,192.168.100.148,40116,192.168.100.7,80,154210,0.645806,32,3.5684,2,0,543,0,4784.688965,0,0,Normal,Normal
73370437,udp,192.168.100.147,50458,116.206.80.123,123,262166,0.64739,27,4.7456,1,1,90,0,141.183105,0,0,Normal,Normal
73000385,udp,192.168.100.148,40116,192.168.100.7,80,154210,0.645806,32,3.5684,2,0,543,0,4784.688965,0,0,Normal,Normal
73370436,tcp,192.168.100.46,80,192.168.100.5,80,1,0.67393,15,2.4785,9904,0,9267118,0,79.974998,0,0,Normal,Normal
73370437,udp,192.168.100.46,3456,192.168.100.5,80,2,0.64739,27,4.7456,9903,9903,9410581,9857271,159.957977,79.974945,0,Normal,Normal
73370438,tcp,192.168.100.55,8080,192.168.100.3,80,3,0.69786,10,2.222,9903,9903,9961841,9339541,159.957977,79.974953,0,Normal,Normal
73370439,udp,192.168.100.46,80,192.168.100.5,80,4,0.600474,17,5.43422,9903,0,9501175,0,79.977333,0,0,Normal,Normal
73370440,tcp,192.168.100.5,0,192.168.100.3,0,5,0.66343,14,3.4455,5942,0,4223674,0,47.984787,0,0,Normal,Normal
73370441,udp,192.168.100.7,365,192.168.100.3,565,6,0.600474,17,5.43422,5323,0,319380,0,42.989494,0,0,Normal,Normal
73370443,tcp,192.168.100.3,41307,52.64.239.193,8883,9,0.69786,10,2.222,48,48,37748,3168,0.821691,0.4085,0,Normal,Normal
73370437,udp,192.168.100.46,3456,192.168.100.5,80,2,0.64739,27,4.7456,9903,9903,9410581,9857271,159.957977,79.974945,0,Normal,Normal
73370438,tcp,192.168.100.55,8080,192.168.100.3,80,3,0.69786,10,2.222,9903,9903,9961841,9339541,159.957977,79.974953,0,Normal,Normal
73370439,udp,192.168.100.46,80,192.168.100.5,80,4,0.600474,17,5.43422,9903,0,9501175,0,79.977333,0,0,Normal,Normal
73370440,tcp,192.168.100.5,0,192.168.100.3,0,5,0.66343,14,3.4455,5942,0,4223674,0,47.984787,0,0,Normal,Normal
73370441,udp,192.168.100.7,365,192.168.100.3,565,6,0.600474,17,5.43422,5323,0,319380,0,42.989494,0,0,Normal,Normal
73370443,tcp,192.168.100.3,41307,52.64.239.193,8883,9,0.69786,10,2.222,48,48,37748,3168,0.821691,0.4085,0,Normal,Normal
73370434,udp,192.168.100.147,50458,116.206.80.123,123,262166,0.64739,27,4.7456,1,1,90,0,141.183105,0,0,Normal,Normal
73000315,udp,192.168.100.148,40116,192.168.100.7,80,154210,0.645806,32,3.5684,2,0,543,0,4784.688965,0,0,Normal,Normal
73370437,udp,192.168.100.147,50458,116.206.80.123,123,262166,0.64739,27,4.7456,1,1,90,0,141.183105,0,0,Normal,Normal
73000385,udp,192.168.100.148,40116,192.168.100.7,80,154210,0.645806,32,3.5684,2,0,543,0,4784.688965,0,0,Normal,Normal
73370436,tcp,192.168.100.46,80,192.168.100.5,80,1,0.67393,15,2.4785,9904,0,9267118,0,79.974998,0,0,Normal,Normal
73370434,udp,192.168.100.147,50458,116.206.80.123,123,262166,0.64739,27,4.7456,1,1,90,0,141.183105,0,0,Normal,Normal
73000315,udp,192.168.100.148,40116,192.168.100.7,80,154210,0.645806,32,3.5684,2,0,543,0,4784.688965,0,0,Normal,Normal
73370437,udp,192.168.100.147,50458,116.206.80.123,123,262166,0.64739,27,4.7456,1,1,90,0,141.183105,0,0,Normal,Normal
73000385,udp,192.168.100.148,40116,192.168.100.7,80,154210,0.645806,32,3.5684,2,0,543,0,4784.688965,0,0,Normal,Normal
73370436,tcp,192.168.100.46,80,192.168.100.5,80,1,0.67393,15,2.4785,9904,0,9267118,0,79.974998,0,0,Normal,Normal
73370437,udp,192.168.100.46,3456,192.168.100.5,80,2,0.64739,27,4.7456,9903,9903,9410581,9857271,159.957977,79.974945,0,Normal,Normal
73370438,tcp,192.168.100.55,8080,192.168.100.3,80,3,0.69786,10,2.222,9903,9903,9961841,9339541,159.957977,79.974953,0,Normal,Normal
73370439,udp,192.168.100.46,80,192.168.100.5,80,4,0.600474,17,5.43422,9903,0,9501175,0,79.977333,0,0,Normal,Normal
73370440,tcp,192.168.100.5,0,192.168.100.3,0,5,0.66343,14,3.4455,5942,0,4223674,0,47.984787,0,0,Normal,Normal
73370441,udp,192.168.100.7,365,192.168.100.3,565,6,0.600474,17,5.43422,5323,0,319380,0,42.989494,0,0,Normal,Normal
73370443,tcp,192.168.100.3,41307,52.64.239.193,8883,9,0.69786,10,2.222,48,48,37748,3168,0.821691,0.4085,0,Normal,Normal
73370434,udp,192.168.100.147,50458,116.206.80.123,123,262166,0.64739,27,4.7456,1,1,90,0,141.183105,0,0,Normal,Normal
73000315,udp,192.168.100.148,40116,192.168.100.7,80,154210,0.645806,32,3.5684,2,0,543,0,4784.688965,0,0,Normal,Normal
73370437,udp,192.168.100.147,50458,116.206.80.123,123,262166,0.64739,27,4.7456,1,1,90,0,141.183105,0,0,Normal,Normal
73000385,udp,192.168.100.148,40116,192.168.100.7,80,154210,0.645806,32,3.5684,2,0,543,0,4784.688965,0,0,Normal,Normal
73370436,tcp,192.168.100.46,80,192.168.100.5,80,1,0.67393,15,2.4785,9904,0,9267118,0,79.974998,0,0,Normal,Normal
73370437,udp,192.168.100.46,3456,192.168.100.5,80,2,0.64739,27,4.7456,9903,9903,9410581,9857271,159.957977,79.974945,0,Normal,Normal
73370438,tcp,192.168.100.55,8080,192.168.100.3,80,3,0.69786,10,2.222,9903,9903,9961841,9339541,159.957977,79.974953,0,Normal,Normal
73370439,udp,192.168.100.46,80,192.168.100.5,80,4,0.600474,17,5.43422,9903,0,9501175,0,79.977333,0,0,Normal,Normal
73370440,tcp,192.168.100.5,0,192.168.100.3,0,5,0.66343,14,3.4455,5942,0,4223674,0,47.984787,0,0,Normal,Normal
73370441,udp,192.168.100.7,365,192.168.100.3,565,6,0.600474,17,5.43422,5323,0,319380,0,42.989494,0,0,Normal,Normal
73370443,tcp,192.168.100.3,41307,52.64.239.193,8883,9,0.69786,10,2.222,48,48,37748,3168,0.821691,0.4085,0,Normal,Normal
73370437,udp,192.168.100.46,3456,192.168.100.5,80,2,0.64739,27,4.7456,9903,9903,9410581,9857271,159.957977,79.974945,0,Normal,Normal
73370438,tcp,192.168.100.55,8080,192.168.100.3,80,3,0.69786,10,2.222,9903,9903,9961841,9339541,159.957977,79.974953,0,Normal,Normal
73370439,udp,192.168.100.46,80,192.168.100.5,80,4,0.600474,17,5.43422,9903,0,9501175,0,79.977333,0,0,Normal,Normal
73370440,tcp,192.168.100.5,0,192.168.100.3,0,5,0.66343,14,3.4455,5942,0,4223674,0,47.984787,0,0,Normal,Normal
73370441,udp,192.168.100.7,365,192.168.100.3,565,6,0.600474,17,5.43422,5323,0,319380,0,42.989494,0,0,Normal,Normal
73370443,tcp,192.168.100.3,41307,52.64.239.193,8883,9,0.69786,10,2.222,48,48,37748,3168,0.821691,0.4085,0,Normal,Normal
73370434,udp,192.168.100.147,50458,116.206.80.123,123,262166,0.64739,27,4.7456,1,1,90,0,141.183105,0,0,Normal,Normal
73000315,udp,192.168.100.148,40116,192.168.100.7,80,154210,0.645806,32,3.5684,2,0,543,0,4784.688965,0,0,Normal,Normal
73370437,udp,192.168.100.147,50458,116.206.80.123,123,262166,0.64739,27,4.7456,1,1,90,0,141.183105,0,0,Normal,Normal
73000385,udp,192.168.100.148,40116,192.168.100.7,80,154210,0.645806,32,3.5684,2,0,543,0,4784.688965,0,0,Normal,Normal
73370436,tcp,192.168.100.46,80,192.168.100.5,80,1,0.67393,15,2.4785,9904,0,9267118,0,79.974998,0,0,Normal,Normal
73370434,udp,192.168.100.147,50458,116.206.80.123,123,262166,0.64739,27,4.7456,1,1,90,0,141.183105,0,0,Normal,Normal
73000315,udp,192.168.100.148,40116,192.168.100.7,80,154210,0.645806,32,3.5684,2,0,543,0,4784.688965,0,0,Normal,Normal
73370437,udp,192.168.100.147,50458,116.206.80.123,123,262166,0.64739,27,4.7456,1,1,90,0,141.183105,0,0,Normal,Normal
73000385,udp,192.168.100.148,40116,192.168.100.7,80,154210,0.645806,32,3.5684,2,0,543,0,4784.688965,0,0,Normal,Normal
73370436,tcp,192.168.100.46,80,192.168.100.5,80,1,0.67393,15,2.4785,9904,0,9267118,0,79.974998,0,0,Normal,Normal
73370437,udp,192.168.100.46,3456,192.168.100.5,80,2,0.64739,27,4.7456,9903,9903,9410581,9857271,159.957977,79.974945,0,Normal,Normal
73370438,tcp,192.168.100.55,8080,192.168.100.3,80,3,0.69786,10,2.222,9903,9903,9961841,9339541,159.957977,79.974953,0,Normal,Normal
73370439,udp,192.168.100.46,80,192.168.100.5,80,4,0.600474,17,5.43422,9903,0,9501175,0,79.977333,0,0,Normal,Normal
73370440,tcp,192.168.100.5,0,192.168.100.3,0,5,0.66343,14,3.4455,5942,0,4223674,0,47.984787,0,0,Normal,Normal
73370441,udp,192.168.100.7,365,192.168.100.3,565,6,0.600474,17,5.43422,5323,0,319380,0,42.989494,0,0,Normal,Normal
73370443,tcp,192.168.100.3,41307,52.64.239.193,8883,9,0.69786,10,2.222,48,48,37748,3168,0.821691,0.4085,0,Normal,Normal
73370434,udp,192.168.100.147,50458,116.206.80.123,123,262166,0.64739,27,4.7456,1,1,90,0,141.183105,0,0,Normal,Normal
73000315,udp,192.168.100.148,40116,192.168.100.7,80,154210,0.645806,32,3.5684,2,0,543,0,4784.688965,0,0,Normal,Normal
73370437,udp,192.168.100.147,50458,116.206.80.123,123,262166,0.64739,27,4.7456,1,1,90,0,141.183105,0,0,Normal,Normal
73000385,udp,192.168.100.148,40116,192.168.100.7,80,154210,0.645806,32,3.5684,2,0,543,0,4784.688965,0,0,Normal,Normal
73370436,tcp,192.168.100.46,80,192.168.100.5,80,1,0.67393,15,2.4785,9904,0,9267118,0,79.974998,0,0,Normal,Normal
73370437,udp,192.168.100.46,3456,192.168.100.5,80,2,0.64739,27,4.7456,9903,9903,9410581,9857271,159.957977,79.974945,0,Normal,Normal
73370438,tcp,192.168.100.55,8080,192.168.100.3,80,3,0.69786,10,2.222,9903,9903,9961841,9339541,159.957977,79.974953,0,Normal,Normal
73370439,udp,192.168.100.46,80,192.168.100.5,80,4,0.600474,17,5.43422,9903,0,9501175,0,79.977333,0,0,Normal,Normal
73370440,tcp,192.168.100.5,0,192.168.100.3,0,5,0.66343,14,3.4455,5942,0,4223674,0,47.984787,0,0,Normal,Normal
73370441,udp,192.168.100.7,365,192.168.100.3,565,6,0.600474,17,5.43422,5323,0,319380,0,42.989494,0,0,Normal,Normal
73370443,tcp,192.168.100.3,41307,52.64.239.193,8883,9,0.69786,10,2.222,48,48,37748,3168,0.821691,0.4085,0,Normal,Normal
73370437,udp,192.168.100.46,3456,192.168.100.5,80,2,0.64739,27,4.7456,9903,9903,9410581,9857271,159.957977,79.974945,0,Normal,Normal
73370438,tcp,192.168.100.55,8080,192.168.100.3,80,3,0.69786,10,2.222,9903,9903,9961841,9339541,159.957977,79.974953,0,Normal,Normal
73370439,udp,192.168.100.46,80,192.168.100.5,80,4,0.600474,17,5.43422,9903,0,9501175,0,79.977333,0,0,Normal,Normal
73370440,tcp,192.168.100.5,0,192.168.100.3,0,5,0.66343,14,3.4455,5942,0,4223674,0,47.984787,0,0,Normal,Normal
73370441,udp,192.168.100.7,365,192.168.100.3,565,6,0.600474,17,5.43422,5323,0,319380,0,42.989494,0,0,Normal,Normal
73370443,tcp,192.168.100.3,41307,52.64.239.193,8883,9,0.69786,10,2.222,48,48,37748,3168,0.821691,0.4085,0,Normal,Normal
73370434,udp,192.168.100.147,50458,116.206.80.123,123,262166,0.64739,27,4.7456,1,1,90,0,141.183105,0,0,Normal,Normal
73000315,udp,192.168.100.148,40116,192.168.100.7,80,154210,0.645806,32,3.5684,2,0,543,0,4784.688965,0,0,Normal,Normal
73370437,udp,192.168.100.147,50458,116.206.80.123,123,262166,0.64739,27,4.7456,1,1,90,0,141.183105,0,0,Normal,Normal
73000385,udp,192.168.100.148,40116,192.168.100.7,80,154210,0.645806,32,3.5684,2,0,543,0,4784.688965,0,0,Normal,Normal
73370436,tcp,192.168.100.46,80,192.168.100.5,80,1,0.67393,15,2.4785,9904,0,9267118,0,79.974998,0,0,Normal,Normal
73370434,udp,192.168.100.147,50458,116.206.80.123,123,262166,0.64739,27,4.7456,1,1,90,0,141.183105,0,0,Normal,Normal
73000315,udp,192.168.100.148,40116,192.168.100.7,80,154210,0.645806,32,3.5684,2,0,543,0,4784.688965,0,0,Normal,Normal
73370437,udp,192.168.100.147,50458,116.206.80.123,123,262166,0.64739,27,4.7456,1,1,90,0,141.183105,0,0,Normal,Normal
73000385,udp,192.168.100.148,40116,192.168.100.7,80,154210,0.645806,32,3.5684,2,0,543,0,4784.688965,0,0,Normal,Normal
73370436,tcp,192.168.100.46,80,192.168.100.5,80,1,0.67393,15,2.4785,9904,0,9267118,0,79.974998,0,0,Normal,Normal
73370437,udp,192.168.100.46,3456,192.168.100.5,80,2,0.64739,27,4.7456,9903,9903,9410581,9857271,159.957977,79.974945,0,Normal,Normal
73370438,tcp,192.168.100.55,8080,192.168.100.3,80,3,0.69786,10,2.222,9903,9903,9961841,9339541,159.957977,79.974953,0,Normal,Normal
73370439,udp,192.168.100.46,80,192.168.100.5,80,4,0.600474,17,5.43422,9903,0,9501175,0,79.977333,0,0,Normal,Normal
73370440,tcp,192.168.100.5,0,192.168.100.3,0,5,0.66343,14,3.4455,5942,0,4223674,0,47.984787,0,0,Normal,Normal
73370441,udp,192.168.100.7,365,192.168.100.3,565,6,0.600474,17,5.43422,5323,0,319380,0,42.989494,0,0,Normal,Normal
73370443,tcp,192.168.100.3,41307,52.64.239.193,8883,9,0.69786,10,2.222,48,48,37748,3168,0.821691,0.4085,0,Normal,Normal
73370434,udp,192.168.100.147,50458,116.206.80.123,123,262166,0.64739,27,4.7456,1,1,90,0,141.183105,0,0,Normal,Normal
73000315,udp,192.168.100.148,40116,192.168.100.7,80,154210,0.645806,32,3.5684,2,0,543,0,4784.688965,0,0,Normal,Normal
73370437,udp,192.168.100.147,50458,116.206.80.123,123,262166,0.64739,27,4.7456,1,1,90,0,141.183105,0,0,Normal,Normal
73000385,udp,192.168.100.148,40116,192.168.100.7,80,154210,0.645806,32,3.5684,2,0,543,0,4784.688965,0,0,Normal,Normal
73370436,tcp,192.168.100.46,80,192.168.100.5,80,1,0.67393,15,2.4785,9904,0,9267118,0,79.974998,0,0,Normal,Normal
73370437,udp,192.168.100.46,3456,192.168.100.5,80,2,0.64739,27,4.7456,9903,9903,9410581,9857271,159.957977,79.974945,0,Normal,Normal
73370438,tcp,192.168.100.55,8080,192.168.100.3,80,3,0.69786,10,2.222,9903,9903,9961841,9339541,159.957977,79.974953,0,Normal,Normal
73370439,udp,192.168.100.46,80,192.168.100.5,80,4,0.600474,17,5.43422,9903,0,9501175,0,79.977333,0,0,Normal,Normal
73370440,tcp,192.168.100.5,0,192.168.100.3,0,5,0.66343,14,3.4455,5942,0,4223674,0,47.984787,0,0,Normal,Normal
73370441,udp,192.168.100.7,365,192.168.100.3,565,6,0.600474,17,5.43422,5323,0,319380,0,42.989494,0,0,Normal,Normal
73370443,tcp,192.168.100.3,41307,52.64.239.193,8883,9,0.69786,10,2.222,48,48,37748,3168,0.821691,0.4085,0,Normal,Normal
73370437,udp,192.168.100.46,3456,192.168.100.5,80,2,0.64739,27,4.7456,9903,9903,9410581,9857271,159.957977,79.974945,0,Normal,Normal
73370438,tcp,192.168.100.55,8080,192.168.100.3,80,3,0.69786,10,2.222,9903,9903,9961841,9339541,159.957977,79.974953,0,Normal,Normal
73370439,udp,192.168.100.46,80,192.168.100.5,80,4,0.600474,17,5.43422,9903,0,9501175,0,79.977333,0,0,Normal,Normal
73370440,tcp,192.168.100.5,0,192.168.100.3,0,5,0.66343,14,3.4455,5942,0,4223674,0,47.984787,0,0,Normal,Normal
73370441,udp,192.168.100.7,365,192.168.100.3,565,6,0.600474,17,5.43422,5323,0,319380,0,42.989494,0,0,Normal,Normal
73370443,tcp,192.168.100.3,41307,52.64.239.193,8883,9,0.69786,10,2.222,48,48,37748,3168,0.821691,0.4085,0,Normal,Normal
73370434,udp,192.168.100.147,50458,116.206.80.123,123,262166,0.64739,27,4.7456,1,1,90,0,141.183105,0,0,Normal,Normal
73000315,udp,192.168.100.148,40116,192.168.100.7,80,154210,0.645806,32,3.5684,2,0,543,0,4784.688965,0,0,Normal,Normal
73370437,udp,192.168.100.147,50458,116.206.80.123,123,262166,0.64739,27,4.7456,1,1,90,0,141.183105,0,0,Normal,Normal
73000385,udp,192.168.100.148,40116,192.168.100.7,80,154210,0.645806,32,3.5684,2,0,543,0,4784.688965,0,0,Normal,Normal
73370436,tcp,192.168.100.46,80,192.168.100.5,80,1,0.67393,15,2.4785,9904,0,9267118,0,79.974998,0,0,Normal,Normal
73370434,udp,192.168.100.147,50458,116.206.80.123,123,262166,0.64739,27,4.7456,1,1,90,0,141.183105,0,0,Normal,Normal
73000315,udp,192.168.100.148,40116,192.168.100.7,80,154210,0.645806,32,3.5684,2,0,543,0,4784.688965,0,0,Normal,Normal
73370437,udp,192.168.100.147,50458,116.206.80.123,123,262166,0.64739,27,4.7456,1,1,90,0,141.183105,0,0,Normal,Normal
73000385,udp,192.168.100.148,40116,192.168.100.7,80,154210,0.645806,32,3.5684,2,0,543,0,4784.688965,0,0,Normal,Normal
73370436,tcp,192.168.100.46,80,192.168.100.5,80,1,0.67393,15,2.4785,9904,0,9267118,0,79.974998,0,0,Normal,Normal
73370437,udp,192.168.100.46,3456,192.168.100.5,80,2,0.64739,27,4.7456,9903,9903,9410581,9857271,159.957977,79.974945,0,Normal,Normal
73370438,tcp,192.168.100.55,8080,192.168.100.3,80,3,0.69786,10,2.222,9903,9903,9961841,9339541,159.957977,79.974953,0,Normal,Normal
73370439,udp,192.168.100.46,80,192.168.100.5,80,4,0.600474,17,5.43422,9903,0,9501175,0,79.977333,0,0,Normal,Normal
73370440,tcp,192.168.100.5,0,192.168.100.3,0,5,0.66343,14,3.4455,5942,0,4223674,0,47.984787,0,0,Normal,Normal
73370441,udp,192.168.100.7,365,192.168.100.3,565,6,0.600474,17,5.43422,5323,0,319380,0,42.989494,0,0,Normal,Normal
73370443,tcp,192.168.100.3,41307,52.64.239.193,8883,9,0.69786,10,2.222,48,48,37748,3168,0.821691,0.4085,0,Normal,Normal
73370434,udp,192.168.100.147,50458,116.206.80.123,123,262166,0.64739,27,4.7456,1,1,90,0,141.183105,0,0,Normal,Normal
73000315,udp,192.168.100.148,40116,192.168.100.7,80,154210,0.645806,32,3.5684,2,0,543,0,4784.688965,0,0,Normal,Normal
73370437,udp,192.168.100.147,50458,116.206.80.123,123,262166,0.64739,27,4.7456,1,1,90,0,141.183105,0,0,Normal,Normal
73000385,udp,192.168.100.148,40116,192.168.100.7,80,154210,0.645806,32,3.5684,2,0,543,0,4784.688965,0,0,Normal,Normal
73370436,tcp,192.168.100.46,80,192.168.100.5,80,1,0.67393,15,2.4785,9904,0,9267118,0,79.974998,0,0,Normal,Normal
73370437,udp,192.168.100.46,3456,192.168.100.5,80,2,0.64739,27,4.7456,9903,9903,9410581,9857271,159.957977,79.974945,0,Normal,Normal
73370438,tcp,192.168.100.55,8080,192.168.100.3,80,3,0.69786,10,2.222,9903,9903,9961841,9339541,159.957977,79.974953,0,Normal,Normal
73370439,udp,192.168.100.46,80,192.168.100.5,80,4,0.600474,17,5.43422,9903,0,9501175,0,79.977333,0,0,Normal,Normal
73370440,tcp,192.168.100.5,0,192.168.100.3,0,5,0.66343,14,3.4455,5942,0,4223674,0,47.984787,0,0,Normal,Normal
73370441,udp,192.168.100.7,365,192.168.100.3,565,6,0.600474,17,5.43422,5323,0,319380,0,42.989494,0,0,Normal,Normal
73370443,tcp,192.168.100.3,41307,52.64.239.193,8883,9,0.69786,10,2.222,48,48,37748,3168,0.821691,0.4085,0,Normal,Normal
73370437,udp,192.168.100.46,3456,192.168.100.5,80,2,0.64739,27,4.7456,9903,9903,9410581,9857271,159.957977,79.974945,0,Normal,Normal
73370438,tcp,192.168.100.55,8080,192.168.100.3,80,3,0.69786,10,2.222,9903,9903,9961841,9339541,159.957977,79.974953,0,Normal,Normal
73370439,udp,192.168.100.46,80,192.168.100.5,80,4,0.600474,17,5.43422,9903,0,9501175,0,79.977333,0,0,Normal,Normal
73370440,tcp,192.168.100.5,0,192.168.100.3,0,5,0.66343,14,3.4455,5942,0,4223674,0,47.984787,0,0,Normal,Normal
73370441,udp,192.168.100.7,365,192.168.100.3,565,6,0.600474,17,5.43422,5323,0,319380,0,42.989494,0,0,Normal,Normal
73370443,tcp,192.168.100.3,41307,52.64.239.193,8883,9,0.69786,10,2.222,48,48,37748,3168,0.821691,0.4085,0,Normal,Normal
73370434,udp,192.168.100.147,50458,116.206.80.123,123,262166,0.64739,27,4.7456,1,1,90,0,141.183105,0,0,Normal,Normal
73000315,udp,192.168.100.148,40116,192.168.100.7,80,154210,0.645806,32,3.5684,2,0,543,0,4784.688965,0,0,Normal,Normal
73370437,udp,192.168.100.147,50458,116.206.80.123,123,262166,0.64739,27,4.7456,1,1,90,0,141.183105,0,0,Normal,Normal
73000385,udp,192.168.100.148,40116,192.168.100.7,80,154210,0.645806,32,3.5684,2,0,543,0,4784.688965,0,0,Normal,Normal
73370436,tcp,192.168.100.46,80,192.168.100.5,80,1,0.67393,15,2.4785,9904,0,9267118,0,79.974998,0,0,Normal,Normal
73370434,udp,192.168.100.147,50458,116.206.80.123,123,262166,0.64739,27,4.7456,1,1,90,0,141.183105,0,0,Normal,Normal
73000315,udp,192.168.100.148,40116,192.168.100.7,80,154210,0.645806,32,3.5684,2,0,543,0,4784.688965,0,0,Normal,Normal
73370437,udp,192.168.100.147,50458,116.206.80.123,123,262166,0.64739,27,4.7456,1,1,90,0,141.183105,0,0,Normal,Normal
73000385,udp,192.168.100.148,40116,192.168.100.7,80,154210,0.645806,32,3.5684,2,0,543,0,4784.688965,0,0,Normal,Normal
73370436,tcp,192.168.100.46,80,192.168.100.5,80,1,0.67393,15,2.4785,9904,0,9267118,0,79.974998,0,0,Normal,Normal
73370437,udp,192.168.100.46,3456,192.168.100.5,80,2,0.64739,27,4.7456,9903,9903,9410581,9857271,159.957977,79.974945,0,Normal,Normal
73370438,tcp,192.168.100.55,8080,192.168.100.3,80,3,0.69786,10,2.222,9903,9903,9961841,9339541,159.957977,79.974953,0,Normal,Normal
73370439,udp,192.168.100.46,80,192.168.100.5,80,4,0.600474,17,5.43422,9903,0,9501175,0,79.977333,0,0,Normal,Normal
73370440,tcp,192.168.100.5,0,192.168.100.3,0,5,0.66343,14,3.4455,5942,0,4223674,0,47.984787,0,0,Normal,Normal
73370441,udp,192.168.100.7,365,192.168.100.3,565,6,0.600474,17,5.43422,5323,0,319380,0,42.989494,0,0,Normal,Normal
73370443,tcp,192.168.100.3,41307,52.64.239.193,8883,9,0.69786,10,2.222,48,48,37748,3168,0.821691,0.4085,0,Normal,Normal
73370434,udp,192.168.100.147,50458,116.206.80.123,123,262166,0.64739,27,4.7456,1,1,90,0,141.183105,0,0,Normal,Normal
73000315,udp,192.168.100.148,40116,192.168.100.7,80,154210,0.645806,32,3.5684,2,0,543,0,4784.688965,0,0,Normal,Normal
73370437,udp,192.168.100.147,50458,116.206.80.123,123,262166,0.64739,27,4.7456,1,1,90,0,141.183105,0,0,Normal,Normal
73000385,udp,192.168.100.148,40116,192.168.100.7,80,154210,0.645806,32,3.5684,2,0,543,0,4784.688965,0,0,Normal,Normal
73370436,tcp,192.168.100.46,80,192.168.100.5,80,1,0.67393,15,2.4785,9904,0,9267118,0,79.974998,0,0,Normal,Normal
73370437,udp,192.168.100.46,3456,192.168.100.5,80,2,0.64739,27,4.7456,9903,9903,9410581,9857271,159.957977,79.974945,0,Normal,Normal
73370438,tcp,192.168.100.55,8080,192.168.100.3,80,3,0.69786,10,2.222,9903,9903,9961841,9339541,159.957977,79.974953,0,Normal,Normal
73370439,udp,192.168.100.46,80,192.168.100.5,80,4,0.600474,17,5.43422,9903,0,9501175,0,79.977333,0,0,Normal,Normal
73370440,tcp,192.168.100.5,0,192.168.100.3,0,5,0.66343,14,3.4455,5942,0,4223674,0,47.984787,0,0,Normal,Normal
73370441,udp,192.168.100.7,365,192.168.100.3,565,6,0.600474,17,5.43422,5323,0,319380,0,42.989494,0,0,Normal,Normal
73370443,tcp,192.168.100.3,41307,52.64.239.193,8883,9,0.69786,10,2.222,48,48,37748,3168,0.821691,0.4085,0,Normal,Normal
73370437,udp,192.168.100.46,3456,192.168.100.5,80,2,0.64739,27,4.7456,9903,9903,9410581,9857271,159.957977,79.974945,0,Normal,Normal
73370438,tcp,192.168.100.55,8080,192.168.100.3,80,3,0.69786,10,2.222,9903,9903,9961841,9339541,159.957977,79.974953,0,Normal,Normal
73370439,udp,192.168.100.46,80,192.168.100.5,80,4,0.600474,17,5.43422,9903,0,9501175,0,79.977333,0,0,Normal,Normal
73370440,tcp,192.168.100.5,0,192.168.100.3,0,5,0.66343,14,3.4455,5942,0,4223674,0,47.984787,0,0,Normal,Normal
73370441,udp,192.168.100.7,365,192.168.100.3,565,6,0.600474,17,5.43422,5323,0,319380,0,42.989494,0,0,Normal,Normal
73370443,tcp,192.168.100.3,41307,52.64.239.193,8883,9,0.69786,10,2.222,48,48,37748,3168,0.821691,0.4085,0,Normal,Normal
73370434,udp,192.168.100.147,50458,116.206.80.123,123,262166,0.64739,27,4.7456,1,1,90,0,141.183105,0,0,Normal,Normal
73000315,udp,192.168.100.148,40116,192.168.100.7,80,154210,0.645806,32,3.5684,2,0,543,0,4784.688965,0,0,Normal,Normal
73370437,udp,192.168.100.147,50458,116.206.80.123,123,262166,0.64739,27,4.7456,1,1,90,0,141.183105,0,0,Normal,Normal
73000385,udp,192.168.100.148,40116,192.168.100.7,80,154210,0.645806,32,3.5684,2,0,543,0,4784.688965,0,0,Normal,Normal
73370436,tcp,192.168.100.46,80,192.168.100.5,80,1,0.67393,15,2.4785,9904,0,9267118,0,79.974998,0,0,Normal,Normal
792371,udp,192.168.100.150,48516,192.168.100.3,80,175094,0.226784,100,4.100436,4,4.457383,100,0,0.404711,4.719438,1,DoS,UDP
2056418,tcp,192.168.100.148,22267,192.168.100.3,80,143024,0.451998,100,3.439257,1,3.806172,100,0.225077,0.401397,4.44293,1,DDoS,TCP
2795650,udp,192.168.100.149,28629,192.168.100.3,80,167033,1.931553,73,0,4,2.731204,100,0,0.407287,4.138455,1,DDoS,UDP
2118009,tcp,192.168.100.148,42142,192.168.100.3,80,204615,0.428798,56,3.271411,1,3.626428,100,0,0.343654,4.2297,1,DDoS,TCP
303688,tcp,192.168.100.149,1645,192.168.100.5,80,40058,2.058381,100,0,3,1.188407,100,0,0.135842,4.753628,1,DoS,TCP
420025,tcp,192.168.100.149,39733,192.168.100.5,80,156396,2.177835,36,0,3,1.539962,36,0,0.127912,4.619887,1,DoS,TCP
3008812,udp,192.168.100.147,10800,192.168.100.3,80,118034,1.368196,100,1.97518,4,3.910081,100,0,1.02512,4.885159,1,DDoS,UDP
1064106,udp,192.168.100.150,19625,192.168.100.3,80,184672,1.788452,100,0,4,3.576574,100,0,0.446612,4.49208,1,DoS,UDP
3258414,udp,192.168.100.147,22692,192.168.100.3,80,105486,0.822443,100,2.98003,4,3.982845,100,0,1.003092,4.994536,1,DDoS,UDP
1793063,tcp,192.168.100.148,39738,192.168.100.3,80,141822,0.030759,73,0.143091,1,0.173851,100,0.103113,0.309338,0.20461,1,DDoS,TCP
3652525,tcp,192.168.100.149,40209,192.168.100.5,1334,29263,0,100,0.004534,1,0.004534,100,0,0,0.004534,1,Reconnaissance,Service_Scan
2012355,tcp,192.168.100.148,2808,192.168.100.3,80,98961,1.902401,100,0,3,2.643317,100,0,0.271451,4.398972,1,DDoS,TCP
2003856,tcp,192.168.100.147,36026,192.168.100.3,80,90462,0.170796,100,3.26539,1,3.503918,100,0.14778,0.408009,3.656128,1,DDoS,TCP
628716,udp,192.168.100.147,14303,192.168.100.7,80,11439,1.244655,100,0,4,1.758793,100,0,0.306743,2.719768,1,DoS,UDP
1061387,udp,192.168.100.148,49003,192.168.100.6,80,181953,1.550268,14,0,4,2.685047,14,0,0.240384,3.59623,1,DoS,UDP
3445141,udp,192.168.100.148,37862,192.168.100.3,80,30060,0.625767,59,2.798243,4,3.682622,100,0,0.726616,4.152734,1,DDoS,UDP
192578,tcp,192.168.100.148,55661,192.168.100.6,80,191101,0.005329,60,0,1,0.003077,60,0,0.130665,0.012306,1,DoS,TCP
1877025,tcp,192.168.100.149,56855,192.168.100.3,80,225784,0,72,0,3,0,100,0,0,0,1,DDoS,TCP
985803,udp,192.168.100.148,33699,192.168.100.6,80,106369,0.021371,100,3.550244,4,3.568513,100,0,0.279869,3.604116,1,DoS,UDP
285160,tcp,192.168.100.147,54098,192.168.100.7,80,21530,0,52,0,3,0,52,0,0.121219,0,1,DoS,TCP
2917014,udp,192.168.100.148,51272,192.168.100.3,80,26236,0.634362,56,2.760138,4,3.657214,100,0,0.729375,4.113655,1,DDoS,UDP
3025207,udp,192.168.100.148,11653,192.168.100.3,80,134429,0.633178,52,2.760852,4,3.6563,100,0,0.729454,4.104394,1,DDoS,UDP
3264921,udp,192.168.100.147,26582,192.168.100.3,80,111993,0.823535,100,2.98066,4,3.986051,100,0,1.002999,4.997871,1,DDoS,UDP
2348057,tcp,192.168.100.148,26989,192.168.100.3,80,172517,1.53618,63,0,3,2.164113,100,0,0.311829,3.411198,1,DDoS,TCP
1680739,tcp,192.168.100.149,4061,192.168.100.3,80,29498,0.119378,100,0,1,0.119378,100,0,0.185088,0.238756,1,DDoS,TCP
1547675,udp,192.168.100.148,2590,192.168.100.6,80,143932,1.74158,100,0,4,3.016194,100,0,0.247802,4.057666,1,DoS,UDP
1248768,udp,192.168.100.148,40557,192.168.100.6,80,107179,2.04688,100,0,4,1.669863,100,0,0.190064,4.307466,1,DoS,UDP
2584850,tcp,192.168.100.147,37713,192.168.100.3,80,147163,0.113154,96,0,3,0.065329,100,0,0.092369,0.261317,1,DDoS,TCP
3059537,udp,192.168.100.148,24105,192.168.100.3,80,168759,0.639122,100,2.750087,4,3.653935,100,0,0.729595,4.108791,1,DDoS,UDP
332527,tcp,192.168.100.149,15302,192.168.100.5,80,68897,0.018936,100,0,1,0.010933,100,0,0.094236,0.043731,1,DoS,TCP
3482249,udp,192.168.100.147,8303,192.168.100.3,80,67168,1.196099,100,2.100948,4,3.684233,100,0,0.854435,4.991517,1,DDoS,UDP
497255,tcp,192.168.100.150,1716,192.168.100.3,80,233628,0,100,0.178191,1,0.178191,100,0,5.611956,0.178191,1,DoS,TCP
2118042,tcp,192.168.100.148,42141,192.168.100.3,80,204648,0.42879,56,3.271398,1,3.626419,100,0,0.343654,4.229678,1,DDoS,TCP
226750,tcp,192.168.100.150,43905,192.168.100.3,80,225273,0,100,0.192679,1,0.192679,100,0,5.189979,0.192679,1,DoS,TCP
2499965,tcp,192.168.100.149,38698,192.168.100.3,80,62277,0.079618,48,0,1,0.045968,100,0,0.092528,0.183871,1,DDoS,TCP
3044665,udp,192.168.100.147,27876,192.168.100.3,80,153887,1.369323,100,1.97245,4,3.908954,100,0,1.025049,4.88301,1,DDoS,UDP
2794227,udp,192.168.100.148,52186,192.168.100.3,80,165610,1.368133,83,1.370597,4,3.300139,100,0,0.631701,4.388757,1,DDoS,UDP
3462754,udp,192.168.100.150,64662,192.168.100.3,80,47673,0.976178,93,1.997006,4,3.37753,100,0,0.493759,4.068442,1,DDoS,UDP
3530246,udp,192.168.100.149,124,192.168.100.3,80,115165,0.988959,98,1.999319,4,3.397452,100,0,0.48972,4.127747,1,DDoS,UDP
1143161,udp,192.168.100.147,62465,192.168.100.7,80,1572,0.8854,68,2.032481,4,3.448358,68,0,0.218213,4.475446,1,DoS,UDP
1432785,udp,192.168.100.148,47192,192.168.100.6,80,29042,1.745575,100,0,4,3.022915,100,0,0.247954,4.075013,1,DoS,UDP
3636868,tcp,192.168.100.147,34141,192.168.100.5,5925,13198,0,100,0.003565,1,0.003565,100,0,0,0.003565,1,Reconnaissance,Service_Scan
1267263,udp,192.168.100.150,55275,192.168.100.3,80,125674,1.793617,41,0,4,3.162423,41,0,0.461508,4.925339,1,DoS,UDP
2122231,tcp,192.168.100.148,43419,192.168.100.3,80,208837,1.82702,93,0,3,2.543398,100,0,0.275039,4.209236,1,DDoS,TCP
3264213,udp,192.168.100.147,26258,192.168.100.3,80,111285,0.82369,56,2.98056,4,3.985555,100,0,1.002884,4.998137,1,DDoS,UDP
3359774,udp,192.168.100.150,9811,192.168.100.3,80,206846,1.923857,96,0,4,2.7207,100,0,0.490688,4.094733,1,DDoS,UDP
8085,tcp,192.168.100.147,9091,192.168.100.7,80,6608,0,100,0,3,0,100,0,0.130423,0,1,DoS,TCP
202748,tcp,192.168.100.148,58821,192.168.100.6,80,201271,0.012188,96,0,3,0.007037,96,0,0.134376,0.028147,1,DoS,TCP
986954,udp,192.168.100.149,21342,192.168.100.5,80,107520,1.782065,100,0,4,3.086262,100,0,0.230705,4.150616,1,DoS,UDP
3640070,udp,192.168.100.149,49345,192.168.100.5,49197,16567,0,14,0.000163,4,0.000163,57,0,0,0.000163,1,Reconnaissance,Service_Scan
1095464,udp,192.168.100.147,17217,192.168.100.7,80,216030,0.530838,100,2.541277,4,2.846189,100,0,0.406357,3.906763,1,DoS,UDP
2656277,udp,192.168.100.148,7541,192.168.100.3,80,27660,0.314664,56,3.480996,4,3.925876,100,0,0.598806,4.157401,1,DDoS,UDP
876684,udp,192.168.100.149,65144,192.168.100.5,80,259410,0.027592,100,4.128484,4,4.156039,100,0,0.239862,4.183595,1,DoS,UDP
2797328,udp,192.168.100.148,53281,192.168.100.3,80,168711,1.345703,100,1.375866,4,3.276434,100,0,0.635278,4.311903,1,DDoS,UDP
930172,udp,192.168.100.150,40757,192.168.100.3,80,50738,1.795755,93,0,4,3.591467,93,0,0.446668,4.497948,1,DoS,UDP
2244023,tcp,192.168.100.150,24454,192.168.100.3,80,68482,0.038471,36,3.602925,3,3.641397,100,0,0.271658,3.679868,1,DDoS,TCP
812070,udp,192.168.100.150,54968,192.168.100.3,80,194793,0.34206,74,3.825313,4,4.39376,74,0,0.411081,4.728631,1,DoS,UDP
134991,tcp,192.168.100.148,40420,192.168.100.6,80,133514,0,100,0,3,0,100,0,0.131938,0,1,DoS,TCP
3001320,udp,192.168.100.147,6969,192.168.100.3,80,110542,1.367795,100,1.975978,4,3.910316,100,0,1.025074,4.884435,1,DDoS,UDP
1050858,udp,192.168.100.148,47498,192.168.100.6,80,171424,0.030118,74,3.512682,4,3.556089,74,0,0.280308,3.59781,1,DoS,UDP
1930216,tcp,192.168.100.150,16801,192.168.100.3,80,16819,2.2077,90,0,3,2.2077,100,0,0.136137,4.415399,1,DDoS,TCP
2129699,tcp,192.168.100.149,16822,192.168.100.3,80,216306,0.036212,28,3.928213,3,3.964412,100,0,0.2493,4.000611,1,DDoS,TCP
1533777,udp,192.168.100.150,57602,192.168.100.3,80,130034,0.020529,100,4.775415,4,4.800015,100,0,0.6264,4.829761,1,DoS,UDP
3555064,udp,192.168.100.147,43029,192.168.100.3,80,139983,1.878973,46,0.983424,4,3.640664,100,0,1.005725,4.980109,1,DDoS,UDP
1193497,udp,192.168.100.150,39026,192.168.100.3,80,51908,1.869694,77,0,4,3.301616,77,0,0.459752,4.967558,1,DoS,UDP
2955029,udp,192.168.100.148,58762,192.168.100.3,80,64251,0.632219,69,2.765625,4,3.659693,100,0,0.729085,4.112458,1,DDoS,UDP
79764,tcp,192.168.100.150,10842,192.168.100.3,80,78287,0.055652,99,0.054189,1,0.109841,99,0.040261,0.120782,0.165493,1,DoS,TCP
3398111,udp,192.168.100.149,22433,192.168.100.3,80,245183,1.938914,100,0,4,2.741472,100,0,0.484599,4.160468,1,DDoS,UDP
3120311,udp,192.168.100.150,59525,192.168.100.3,80,229533,1.898134,100,0,4,2.684366,100,0,0.494621,4.029547,1,DDoS,UDP
768144,udp,192.168.100.148,38542,192.168.100.6,80,150867,1.556256,91,0,4,2.695512,91,0,0.24326,3.596529,1,DoS,UDP
3420492,udp,192.168.100.150,57213,192.168.100.3,80,5411,0.969608,94,2.012251,4,3.383477,100,0,0.49326,4.07249,1,DDoS,UDP
961554,udp,192.168.100.147,48227,192.168.100.7,80,82120,0.439727,100,1.407334,4,2.390369,100,0,0.404365,2.596212,1,DoS,UDP
1845980,tcp,192.168.100.149,48009,192.168.100.3,80,194739,0,50,0,3,0,100,0,0,0,1,DDoS,TCP
3512672,udp,192.168.100.147,25492,192.168.100.3,80,97591,0.765617,43,3.338294,4,4.420716,100,0,0.916069,4.984839,1,DDoS,UDP
3619646,tcp,192.168.100.147,2360,192.168.100.3,1,564,0,34,7.00E-06,1,7.00E-06,99,0,0,7.00E-06,1,Reconnaissance,Service_Scan
2788981,udp,192.168.100.149,26520,192.168.100.3,80,160364,1.961479,45,0,4,2.771486,100,0,0.403368,4.258472,1,DDoS,UDP
2934665,udp,192.168.100.147,51994,192.168.100.3,80,43887,1.369594,100,1.969048,4,3.905912,100,0,1.024222,4.884197,1,DDoS,UDP
464015,tcp,192.168.100.148,40784,192.168.100.6,80,200386,0.069866,89,0,1,0.045406,89,0.051522,0.125832,0.180385,1,DoS,TCP
625146,udp,192.168.100.147,10733,192.168.100.7,80,7869,1.244431,100,0,4,1.758567,100,0,0.306488,2.715786,1,DoS,UDP
2820545,udp,192.168.100.148,61053,192.168.100.3,80,191928,1.234924,66,1.370139,4,3.105919,100,0,0.662216,4.140702,1,DDoS,UDP
2850857,udp,192.168.100.150,48836,192.168.100.3,80,222240,0.407174,100,4.037457,4,4.444631,100,0,0.458654,4.851805,1,DDoS,UDP
23492,tcp,192.168.100.148,7409,192.168.100.6,80,22015,0.033961,78,0,1,0.016981,78,0,0.127817,0.084903,1,DoS,TCP
2200300,tcp,192.168.100.150,12228,192.168.100.3,80,24758,0.125946,63,3.565252,3,3.691202,100,0,0.269737,3.817152,1,DDoS,TCP
3183465,udp,192.168.100.148,41645,192.168.100.3,80,30537,0.647491,100,2.773994,4,3.689503,100,0,0.723909,4.163073,1,DDoS,UDP
2541971,tcp,192.168.100.148,4859,192.168.100.3,80,104284,1.82614,63,0,1,1.423652,100,0.050838,0.118329,4.001515,1,DDoS,TCP
3131226,udp,192.168.100.150,64807,192.168.100.3,80,240448,1.902099,40,0,4,2.689973,100,0,0.494539,4.038394,1,DDoS,UDP
542777,tcp,192.168.100.149,41826,192.168.100.5,80,16995,0,100,0,3,0,100,0,0.033971,0,1,DoS,TCP
1698367,tcp,192.168.100.149,8410,192.168.100.3,80,47126,0,100,0,3,0,100,0,0.094579,0,1,DDoS,TCP
2055117,tcp,192.168.100.147,47750,192.168.100.3,80,141723,1.612284,100,0.198348,1,2.478322,100,0,0.356951,3.640228,1,DDoS,TCP
1596596,udp,192.168.100.148,29073,192.168.100.6,80,192854,0.026847,100,3.98775,4,4.024628,100,0,0.24784,4.051011,1,DoS,UDP
473224,tcp,192.168.100.149,54557,192.168.100.5,80,209595,2.136066,100,0,3,1.510427,100,0,0.127415,4.531281,1,DoS,TCP
1484155,udp,192.168.100.150,21363,192.168.100.3,80,80412,1.926049,100,0,4,3.850803,100,0,0.573755,4.908594,1,DoS,UDP
3033246,udp,192.168.100.147,22784,192.168.100.3,80,142468,1.367234,75,1.97756,4,3.911107,100,0,1.024775,4.884659,1,DDoS,UDP
2667033,udp,192.168.100.147,29963,192.168.100.3,80,38416,0.454449,100,3.982228,4,4.345253,100,0,0.840349,4.986053,1,DDoS,UDP
455605,tcp,192.168.100.148,38311,192.168.100.6,80,191976,0.054412,35,0,1,0.03347,35,0.039368,0.127086,0.140249,1,DoS,TCP
1246440,udp,192.168.100.147,38257,192.168.100.7,80,104851,1.819973,100,0,4,2.227101,100,0,0.213247,3.848833,1,DoS,UDP
744759,udp,192.168.100.148,33397,192.168.100.6,80,127482,1.552322,100,0,4,2.68869,100,0,0.23975,3.591539,1,DoS,UDP
2814425,udp,192.168.100.150,35184,192.168.100.3,80,185808,1.834296,100,0,4,2.586202,100,0,0.423469,4.05433,1,DDoS,UDP
1982810,tcp,192.168.100.150,44146,192.168.100.3,80,69416,1.927133,14,0,1,2.722795,100,0,0.275717,4.186916,1,DDoS,TCP
